'employee_id','first_name','last_name','email','dob','year_hired','is_active'
'EMP00137','Richard','Luna','Richard_Luna1983@bauer.org','1983-03-28',2005,True
'EMP00372','Stephanie','Graves','Stephanie_Graves1981@fischer.com','1981-06-27',2021,True
'EMP00734','Jennifer','Taylor','Jennifer_Taylor1969@daniels.biz','1969-10-21',2000,True
'EMP00646','Jessica','Perkins','Jessica_Perkins1973@smith-turner.org','1973-10-11',2002,True
'EMP00508','Amy','Conway','Amy_Conway1994@brown-davis.com','1994-03-25',2016,True
'EMP00577','Gary','Jones','Gary_Jones1973@wheeler.com','1973-10-06',2013,True
'EMP00702','Christina','Ingram','Christina_Ingram1987@powell-clayton.com','1987-02-05',2026,True
'EMP00096','Clayton','Jimenez','Clayton_Jimenez2006@davis-cowan.com','2006-06-13',2026,True
'EMP00988','Randy','Dean','Randy_Dean1993@callahan.com','1993-03-05',2013,True
'EMP00390','Brandy','Woodard','Brandy_Woodard1978@ford.net','1978-01-30',2006,True
'EMP00211','Kayla','Roberts','Kayla_Roberts1981@buchanan-ayala.com','1981-09-10',2021,True
'EMP00756','Kenneth','Ramsey','Kenneth_Ramsey1977@anderson-watson.biz','1977-09-06',1998,True
'EMP00414','Katie','Elliott','Katie_Elliott1988@jacobs.info','1988-10-02',2023,True
'EMP00935','Veronica','Bell','Veronica_Bell2005@benson-anderson.com','2005-05-21',2026,True
'EMP00997','Hannah','Mills','Hannah_Mills1982@taylor.com','1982-09-21',2014,True
'EMP00415','Brian','Kennedy','Brian_Kennedy1969@smith.net','1969-10-22',2013,True
'EMP00175','Brenda','Morris','Brenda_Morris1971@jordan.com','1971-11-25',2000,True
'EMP00857','Rachel','Rogers','Rachel_Rogers1987@harris.biz','1987-05-18',2014,True
'EMP00957','Billy','Chandler','Billy_Chandler1998@arnold.com','1998-04-18',2026,True
'EMP00491','Aaron','George','Aaron_George1979@young.com','1979-12-23',2002,True
'EMP00900','Emily','Hicks','Emily_Hicks1989@smith.biz','1989-11-30',2025,True
'EMP00959','Brandon','Andrews','Brandon_Andrews1966@leonard-bray.com','1966-09-26',2021,True
'EMP00628','Brian','Jackson','Brian_Jackson1991@phillips.com','1991-12-06',2023,True
'EMP00085','Zachary','Foster','Zachary_Foster2000@walsh-lopez.org','2000-10-04',2025,True
'EMP00300','Joshua','Martinez','Joshua_Martinez2004@watson.com','2004-10-26',2025,True
'EMP00363','William','Mcguire','William_Mcguire1999@hoover.info','1999-08-12',2020,True
'EMP00721','Mason','Miller','Mason_Miller1989@pena-espinoza.com','1989-10-28',2021,True
'EMP00668','Cassandra','Smith','Cassandra_Smith1985@hartman-campbell.biz','1985-09-20',2013,True
'EMP00041','Christine','Olson','Christine_Olson1998@hogan-carter.com','1998-10-01',2018,True
'EMP00268','Lisa','Villa','Lisa_Villa2000@greene-harrison.com','2000-10-06',2020,True
'EMP00522','Kyle','Anderson','Kyle_Anderson1969@brown.com','1969-08-06',2004,True
'EMP00940','Ann','Herrera','Ann_Herrera1969@poole.com','1969-06-06',1990,True
'EMP00227','Joshua','Miranda','Joshua_Miranda1995@cannon.com','1995-10-10',2026,True
'EMP00567','Crystal','Cruz','Crystal_Cruz1984@smith.info','1984-10-11',2022,True
'EMP00050','Theresa','Glenn','Theresa_Glenn1982@tran-walton.com','1982-09-09',2017,True
'EMP00290','Lauren','Ford','Lauren_Ford1994@miller.com','1994-09-25',2021,True
'EMP00688','James','Reynolds','James_Reynolds1975@graham-martinez.com','1975-01-24',2011,True
'EMP00348','Traci','Faulkner','Traci_Faulkner1997@gomez.biz','1997-06-22',2019,True
'EMP00893','Sara','Pham','Sara_Pham1977@moore.com','1977-06-10',2003,False
'EMP00860','Christina','Roberts','Christina_Roberts1971@mitchell.net','1971-12-14',2009,True
'EMP00570','Charles','Ruiz','Charles_Ruiz1992@alvarez.biz','1992-10-26',2024,True
'EMP00223','Carol','Moore','Carol_Moore1984@ortega-carter.com','1984-07-17',2005,True
'EMP00365','Kenneth','Morton','Kenneth_Morton1969@kim.biz','1969-02-16',2007,True
'EMP00196','Scott','Adams','Scott_Adams2004@zavala.info','2004-08-13',2025,True
'EMP00477','Grace','Romero','Grace_Romero2005@murray-clark.biz','2005-12-09',2025,True
'EMP00681','Jacob','Cruz','Jacob_Cruz1988@case-bowman.com','1988-12-19',2026,True
'EMP00741','Jacqueline','Vasquez','Jacqueline_Vasquez1980@hammond.info','1980-07-11',2005,True
'EMP00472','Alyssa','Bryan','Alyssa_Bryan1966@rivas-lara.info','1966-10-31',2009,True
'EMP00194','Sarah','Hunter','Sarah_Hunter1976@nunez.com','1976-01-26',2016,False
'EMP00662','Reginald','Madden','Reginald_Madden1986@thomas-farrell.com','1986-03-27',2021,True
'EMP00500','Sarah','Thomas','Sarah_Thomas1977@ward.info','1977-04-17',2016,True
'EMP00029','Joseph','Lang','Joseph_Lang1979@arnold.biz','1979-02-15',2006,True
'EMP00382','Justin','Simmons','Justin_Simmons1995@nelson.com','1995-01-18',2015,True
'EMP00580','Louis','Fuller','Louis_Fuller2005@norton.com','2005-07-28',2026,True
'EMP00870','William','Flores','William_Flores1975@gilbert.com','1975-08-31',1998,True
'EMP00019','Denise','Bender','Denise_Bender2002@landry.com','2002-07-19',2024,True
'EMP00892','Philip','Johnson','Philip_Johnson1995@chan-turner.com','1995-07-07',2025,True
'EMP00704','Morgan','Skinner','Morgan_Skinner2001@davidson.com','2001-03-31',2024,True
'EMP00188','William','Smith','William_Smith1997@flores-ward.info','1997-01-09',2019,False
'EMP00563','Richard','Yates','Richard_Yates1979@bishop-curry.org','1979-12-04',2005,True
'EMP00346','Julie','Peterson','Julie_Peterson1978@west.com','1978-12-02',2016,True
'EMP00023','Peter','Forbes','Peter_Forbes1978@kim.com','1978-08-01',2009,True
'EMP00558','Nicholas','Mays','Nicholas_Mays2000@johnson.org','2000-03-10',2023,True
'EMP00710','Nicole','Thompson','Nicole_Thompson1987@zimmerman.com','1987-08-03',2022,True
'EMP00767','Tricia','Harris','Tricia_Harris1983@day.biz','1983-01-15',2021,True
'EMP00324','Patricia','Murray','Patricia_Murray1985@lowe.info','1985-06-08',2013,True
'EMP00639','Kara','Alexander','Kara_Alexander1998@alvarado.com','1998-04-30',2018,False
'EMP00624','Alisha','Schwartz','Alisha_Schwartz1998@hernandez.com','1998-02-28',2022,True
'EMP00020','Danny','Davis','Danny_Davis1986@giles.net','1986-08-26',2026,True
'EMP00072','Dennis','Robinson','Dennis_Robinson1980@sullivan-pugh.com','1980-09-14',2005,False
'EMP00914','Raymond','Watts','Raymond_Watts1990@pratt.net','1990-04-02',2025,True
'EMP00743','Robert','Edwards','Robert_Edwards2000@johnson.com','2000-02-05',2022,True
'EMP00136','Jessica','Murphy','Jessica_Murphy1977@dalton.com','1977-10-12',2013,True
'EMP00379','Christopher','Wolfe','Christopher_Wolfe1977@golden.info','1977-12-31',2014,True
'EMP00141','Sean','Henry','Sean_Henry1990@carr-jones.com','1990-03-12',2010,True
'EMP00538','Michael','Thornton','Michael_Thornton1975@jenkins-warren.com','1975-12-13',2017,True
'EMP00349','Taylor','Cook','Taylor_Cook1999@bell.com','1999-02-23',2019,True
'EMP00727','Morgan','Christensen','Morgan_Christensen1977@cline.com','1977-01-18',2002,True
'EMP00342','Brandon','Joseph','Brandon_Joseph1989@norris-ross.net','1989-03-07',2020,True
'EMP00393','Joseph','Gray','Joseph_Gray1987@johnson.biz','1987-07-14',2009,True
'EMP00207','Joseph','Roberson','Joseph_Roberson1985@hernandez.net','1985-10-22',2008,True
'EMP00713','Kelly','Coleman','Kelly_Coleman1977@perez.com','1977-08-08',2009,True
'EMP00148','Adam','Riggs','Adam_Riggs1984@rivera.com','1984-11-15',2022,True
'EMP00601','Brad','Harris','Brad_Harris1994@cooper-gilbert.com','1994-03-15',2017,True
'EMP00817','Lori','Burch','Lori_Burch1970@howard-ross.net','1970-07-11',2022,True
'EMP00441','Angela','Shelton','Angela_Shelton2002@atkins.com','2002-12-21',2022,True
'EMP00109','Derrick','Wood','Derrick_Wood1999@wilson.com','1999-03-01',2020,True
'EMP00618','Christopher','Holland','Christopher_Holland2001@white.org','2001-12-03',2026,True
'EMP00956','Richard','Friedman','Richard_Friedman1993@small.com','1993-05-16',2014,True
'EMP00483','Michael','Harris','Michael_Harris1989@estes.com','1989-10-03',2025,True
'EMP00789','Adriana','Chan','Adriana_Chan2003@davis-brooks.com','2003-11-29',2026,True
'EMP00744','Rachel','Lane','Rachel_Lane1988@jenkins.com','1988-07-26',2016,True
'EMP00686','Frank','Johnson','Frank_Johnson2000@ramirez.com','2000-02-18',2020,True
'EMP00687','Mike','Macdonald','Mike_Macdonald1983@gutierrez-williams.com','1983-03-05',2008,True
'EMP00937','Scott','Cole','Scott_Cole1967@mcdowell-torres.com','1967-05-26',2011,True
'EMP00337','Elizabeth','Bolton','Elizabeth_Bolton1969@delgado.info','1969-05-30',2017,False
'EMP00849','Kimberly','Vaughn','Kimberly_Vaughn1980@hunter.info','1980-12-15',2008,True
'EMP00981','Hayley','Gonzalez','Hayley_Gonzalez1988@baker.com','1988-08-06',2012,False
'EMP00805','Monica','Arnold','Monica_Arnold1989@fisher-gonzalez.com','1989-11-17',2009,True
'EMP00953','Tara','Carter','Tara_Carter2002@lawrence-phillips.com','2002-09-14',2024,True
'EMP00716','Elizabeth','Gibbs','Elizabeth_Gibbs1970@hall.com','1970-07-13',1999,True
'EMP00345','Jessica','Carlson','Jessica_Carlson1976@faulkner-johnson.com','1976-01-04',2006,True
'EMP00463','David','Phillips','David_Phillips1973@robinson.info','1973-01-29',2010,True
'EMP00589','Andrea','Farley','Andrea_Farley2006@rhodes-owens.com','2006-04-16',2026,True
'EMP00740','Joseph','Patel','Joseph_Patel2003@rogers-cox.info','2003-03-22',2026,True
'EMP00725','Christopher','Fuller','Christopher_Fuller1986@wheeler-edwards.net','1986-09-10',2014,True
'EMP00236','Cynthia','Kelley','Cynthia_Kelley1980@allen-hernandez.com','1980-07-16',2018,True
'EMP00417','Andrea','Harvey','Andrea_Harvey1971@mitchell.com','1971-01-23',1999,True
'EMP00206','Duane','Martinez','Duane_Martinez1997@gordon.com','1997-09-13',2018,True
'EMP00462','John','Lamb','John_Lamb2003@phillips.com','2003-11-01',2024,True
'EMP00872','Tracy','Mckenzie','Tracy_Mckenzie1982@hall.com','1982-04-28',2011,True
'EMP00395','Joshua','Walker','Joshua_Walker1994@best-brown.biz','1994-10-09',2015,False
'EMP00425','Jose','Ward','Jose_Ward1992@rogers-reyes.info','1992-04-15',2017,False
'EMP00061','Kelly','Hopkins','Kelly_Hopkins1974@woods.com','1974-06-23',2016,True
'EMP00775','Rodney','Obrien','Rodney_Obrien1988@mcdaniel-johnson.org','1988-10-16',2024,True
'EMP00409','Joshua','Castro','Joshua_Castro1993@matthews.com','1993-10-02',2015,True
'EMP00277','Rebekah','Nelson','Rebekah_Nelson1969@sloan.com','1969-03-02',2019,True
'EMP00678','Paul','Johnson','Paul_Johnson1998@christensen-wallace.com','1998-06-25',2023,True
'EMP00875','Zachary','Whitaker','Zachary_Whitaker1997@jones.com','1997-05-31',2018,True
'EMP00060','Robert','Reed','Robert_Reed1973@hill.org','1973-01-10',2023,True
'EMP00680','Heather','Harper','Heather_Harper1993@barnett-erickson.com','1993-07-07',2015,True
'EMP00181','Jennifer','Patterson','Jennifer_Patterson1979@martinez.com','1979-02-10',2013,True
'EMP00457','Cynthia','Carpenter','Cynthia_Carpenter1991@ferrell.org','1991-07-22',2023,True
'EMP00318','Susan','Carr','Susan_Carr1999@harrison-cobb.com','1999-09-17',2025,True
'EMP00036','Matthew','Kidd','Matthew_Kidd1987@may.com','1987-12-13',2023,True
'EMP00950','Jason','Reyes','Jason_Reyes1999@miller.com','1999-03-03',2024,True
'EMP00869','Thomas','Mcguire','Thomas_Mcguire1968@diaz.com','1968-09-14',2012,True
'EMP00043','Nicholas','Guerra','Nicholas_Guerra2002@brown-gomez.com','2002-07-10',2023,True
'EMP00183','Phillip','Clark','Phillip_Clark1991@mullins.com','1991-10-24',2021,True
'EMP00398','Donald','Barker','Donald_Barker2004@wilkerson.org','2004-08-02',2025,True
'EMP00647','Charles','Zavala','Charles_Zavala1999@coffey.org','1999-11-24',2023,False
'EMP00232','Carlos','Hernandez','Carlos_Hernandez1998@bell.com','1998-01-18',2021,True
'EMP00871','Sherry','Gill','Sherry_Gill2003@anderson.com','2003-12-06',2025,True
'EMP00550','Jonathan','Clark','Jonathan_Clark1969@johnson.net','1969-03-20',1993,True
'EMP00574','Bryan','Weaver','Bryan_Weaver1979@ferguson.com','1979-08-11',2016,False
'EMP00430','Michael','Hendricks','Michael_Hendricks1979@hughes-lowe.biz','1979-08-17',2011,True
'EMP00742','Bruce','Nielsen','Bruce_Nielsen1973@campbell-wright.org','1973-11-18',1997,True
'EMP00293','Jerry','Diaz','Jerry_Diaz1990@aguirre.biz','1990-07-19',2014,True
'EMP00532','Darrell','Smith','Darrell_Smith1982@wilson.info','1982-09-13',2014,True
'EMP00272','Russell','Owens','Russell_Owens1984@mccarty-lewis.com','1984-02-01',2004,True
'EMP00523','Paul','Garcia','Paul_Garcia2001@king-hawkins.com','2001-09-07',2026,True
'EMP00088','Kimberly','Mcgrath','Kimberly_Mcgrath1969@holmes.com','1969-03-19',2002,True
'EMP00502','Sheila','Nelson','Sheila_Nelson1998@smith.com','1998-04-08',2021,True
'EMP00383','Audrey','Newman','Audrey_Newman1980@armstrong-cooper.org','1980-05-03',2008,True
'EMP00644','Duane','Schneider','Duane_Schneider1971@hill-rocha.net','1971-11-27',2023,True
'EMP00503','Rebecca','Davenport','Rebecca_Davenport2001@sanders.org','2001-06-09',2023,True
'EMP00399','Michelle','Phillips','Michelle_Phillips1973@lawson.info','1973-08-30',2002,True
'EMP00751','Danielle','Brown','Danielle_Brown1999@pena.org','1999-08-23',2019,True
'EMP00106','Micheal','Little','Micheal_Little1974@palmer-pearson.com','1974-12-19',2002,False
'EMP00095','Mary','Baker','Mary_Baker1986@burton.com','1986-09-18',2018,True
'EMP00048','Phyllis','Baker','Phyllis_Baker1969@williams.info','1969-01-02',2000,True
'EMP00438','Christopher','Calderon','Christopher_Calderon1991@guzman-miller.com','1991-07-01',2012,True
'EMP00170','Joseph','Velasquez','Joseph_Velasquez1979@martinez.info','1979-05-08',2014,True
'EMP00321','Danielle','Weaver','Danielle_Weaver1977@osborne-roberts.com','1977-06-18',2009,True
'EMP00621','Teresa','Smith','Teresa_Smith1983@weaver.com','1983-03-24',2004,True
'EMP00168','Gloria','Vasquez','Gloria_Vasquez1973@johnson.com','1973-08-15',2003,True
'EMP00777','Michael','Duncan','Michael_Duncan2003@wolf.com','2003-06-25',2023,True
'EMP00788','Michael','Henderson','Michael_Henderson1977@kim.com','1977-04-12',2012,True
'EMP00683','Glenn','Pearson','Glenn_Pearson1991@mullins.com','1991-11-13',2019,False
'EMP00104','Gary','Reynolds','Gary_Reynolds1967@perkins.com','1967-10-17',1991,True
'EMP00111','Amy','Watts','Amy_Watts1977@castaneda-moore.com','1977-03-27',2020,True
'EMP00046','Ryan','Obrien','Ryan_Obrien1990@daugherty.org','1990-03-14',2013,True
'EMP00233','Kathy','Yoder','Kathy_Yoder1975@love.org','1975-01-14',2013,True
'EMP00761','Melanie','Morrison','Melanie_Morrison1987@mercado.com','1987-02-17',2019,True
'EMP00490','Fred','Morales','Fred_Morales1980@stewart-graham.com','1980-05-29',2011,True
'EMP00406','Patricia','Day','Patricia_Day1972@rhodes.biz','1972-03-20',2011,True
'EMP00700','Breanna','Rodriguez','Breanna_Rodriguez1973@garcia-moss.com','1973-10-28',2009,False
'EMP00219','Henry','Long','Henry_Long1984@farmer.com','1984-12-12',2015,True
'EMP00919','Robert','Porter','Robert_Porter1977@henderson.com','1977-05-01',2013,True
'EMP00385','Tasha','Miller','Tasha_Miller1975@white.com','1975-05-30',1998,True
'EMP00341','Andrew','Horton','Andrew_Horton1976@hancock.com','1976-12-30',2006,False
'EMP00517','Kathleen','Ramirez','Kathleen_Ramirez1996@wilkinson.com','1996-03-31',2021,True
'EMP00973','Andrew','Rodriguez','Andrew_Rodriguez1999@ingram.net','1999-03-30',2020,True
'EMP00649','Gerald','Thornton','Gerald_Thornton1992@thompson.com','1992-07-25',2021,True
'EMP00274','Marc','Cox','Marc_Cox1994@ibarra.com','1994-07-22',2026,True
'EMP00374','Chad','Hall','Chad_Hall2006@west.org','2006-01-12',2026,False
'EMP00530','James','Burton','James_Burton1968@avery.com','1968-11-18',1993,True
'EMP00049','Carolyn','Gardner','Carolyn_Gardner1995@rios-lee.com','1995-03-22',2016,True
'EMP00467','Robert','Ho','Robert_Ho1993@mooney-king.com','1993-12-21',2023,True
'EMP00138','Stacy','Walker','Stacy_Walker1998@marquez.com','1998-12-25',2025,True
'EMP00685','Stephen','Carroll','Stephen_Carroll1991@stephens-davis.com','1991-06-20',2011,True
'EMP00554','Katherine','Sanchez','Katherine_Sanchez1999@matthews.com','1999-08-22',2019,True
'EMP00009','Judith','Francis','Judith_Francis1991@kim.com','1991-11-16',2020,True
'EMP00616','Alyssa','Davis','Alyssa_Davis1994@rice.com','1994-03-30',2015,True
'EMP00907','Connor','Nguyen','Connor_Nguyen2001@benson.net','2001-05-15',2026,True
'EMP00608','Derek','Ramos','Derek_Ramos1988@adams-weiss.com','1988-09-01',2015,True
'EMP00607','Eddie','Mcdonald','Eddie_Mcdonald1974@cruz-burgess.info','1974-02-04',2001,True
'EMP00858','Jeffrey','Middleton','Jeffrey_Middleton2005@miller-peterson.biz','2005-10-30',2025,True
'EMP00243','Michelle','Huffman','Michelle_Huffman1999@bishop-johnson.com','1999-09-15',2021,True
'EMP00283','Brooke','Scott','Brooke_Scott1973@jenkins.com','1973-10-18',2023,True
'EMP00353','Nicole','Duke','Nicole_Duke2004@nelson.com','2004-11-13',2026,True
'EMP00843','Jason','Powell','Jason_Powell2004@walters.net','2004-05-21',2024,True
'EMP00288','Kristina','Foster','Kristina_Foster1990@adams.com','1990-12-02',2015,True
'EMP00800','Madison','Stewart','Madison_Stewart1980@bentley-taylor.org','1980-04-04',2011,True
'EMP00578','Elizabeth','Christensen','Elizabeth_Christensen1987@luna.com','1987-11-03',2018,True
'EMP00092','Travis','Campos','Travis_Campos1970@rivera.biz','1970-09-22',1990,True
'EMP00765','Amy','Hudson','Amy_Hudson1967@mayo-williams.com','1967-10-24',2014,True
'EMP00780','Courtney','Jackson','Courtney_Jackson1981@estrada-butler.org','1981-04-26',2014,True
'EMP00828','Joseph','Durham','Joseph_Durham1978@cox-vaughn.com','1978-04-27',2019,True
'EMP00930','Cassidy','Delgado','Cassidy_Delgado1986@scott-fleming.biz','1986-04-07',2006,True
'EMP00067','Savannah','Acevedo','Savannah_Acevedo1966@johnson-garcia.info','1966-08-15',2009,True
'EMP00526','Nathan','Taylor','Nathan_Taylor1976@hunter.net','1976-08-06',2004,True
'EMP00256','Robert','Ferguson','Robert_Ferguson1984@harding.info','1984-05-26',2011,False
'EMP00962','Jean','Moore','Jean_Moore1979@clark-carter.org','1979-01-13',2012,True
'EMP00075','David','Dunn','David_Dunn1982@braun.com','1982-05-11',2018,True
'EMP00766','Joe','Smith','Joe_Smith1968@allen.net','1968-01-22',2014,True
'EMP00831','William','Zhang','William_Zhang1967@grant.com','1967-01-18',2025,True
'EMP00473','Sandra','Jackson','Sandra_Jackson1998@crawford.info','1998-11-14',2026,False
'EMP00861','Lauren','Miller','Lauren_Miller1967@barnes-vaughn.biz','1967-07-24',2008,False
'EMP00426','Jason','Mcbride','Jason_Mcbride1979@flowers.com','1979-01-30',2005,True
'EMP00519','Mary','Baker','Mary_Baker1998@barrett-rodriguez.org','1998-09-13',2021,True
'EMP00097','Joseph','Cooper','Joseph_Cooper1993@baker.com','1993-12-19',2026,True
'EMP00795','Allison','Murphy','Allison_Murphy1985@howard.com','1985-12-02',2023,True
'EMP00709','Corey','Terry','Corey_Terry1991@hill.com','1991-07-01',2022,True
'EMP00340','Christopher','Silva','Christopher_Silva1969@robbins-luna.com','1969-07-05',1997,True
'EMP00423','Brian','Martin','Brian_Martin1993@lee-robinson.net','1993-04-22',2026,True
'EMP00819','Raymond','Weaver','Raymond_Weaver1969@johnson-vasquez.info','1969-04-13',2019,True
'EMP00865','Stephen','Bradley','Stephen_Bradley1974@hodges.com','1974-02-27',2012,True
'EMP00652','Kevin','Rubio','Kevin_Rubio1970@brown-monroe.biz','1970-07-20',2024,True
'EMP00820','Kelly','Cherry','Kelly_Cherry1973@ryan-howard.org','1973-02-13',2000,True
'EMP00032','Melinda','Cochran','Melinda_Cochran1981@franklin.info','1981-10-01',2006,True
'EMP00126','Vanessa','Wong','Vanessa_Wong1988@ramsey.com','1988-02-02',2012,True
'EMP00471','Wendy','Mcdonald','Wendy_Mcdonald1973@robinson-king.com','1973-10-24',2005,True
'EMP00696','Phillip','Rush','Phillip_Rush1969@russo.com','1969-04-23',2023,True
'EMP00582','Derek','Solomon','Derek_Solomon1980@burke.com','1980-04-19',2019,True
'EMP00897','David','Durham','David_Durham1971@osborne-evans.info','1971-10-14',2023,True
'EMP00642','Christopher','Stephens','Christopher_Stephens1968@taylor.com','1968-10-21',2000,True
'EMP00996','Lisa','Allison','Lisa_Allison1979@juarez.biz','1979-12-10',2014,False
'EMP00826','James','Hall','James_Hall2001@brown.org','2001-11-29',2021,True
'EMP00193','Jeffrey','Harvey','Jeffrey_Harvey1981@williams.com','1981-02-12',2005,True
'EMP00613','Charles','Liu','Charles_Liu1987@dorsey.biz','1987-07-18',2012,True
'EMP00705','Henry','Stewart','Henry_Stewart1989@mendez.org','1989-11-29',2011,True
'EMP00895','Cassandra','Jones','Cassandra_Jones2001@romero.com','2001-05-13',2025,True
'EMP00099','David','Johnson','David_Johnson1981@sullivan.com','1981-10-29',2022,True
'EMP00270','Sarah','Calderon','Sarah_Calderon1968@murphy-ryan.biz','1968-11-16',1989,True
'EMP00098','Lynn','Trevino','Lynn_Trevino1982@bowen.com','1982-03-18',2010,False
'EMP00469','Danielle','Jarvis','Danielle_Jarvis1998@hughes.com','1998-11-23',2020,True
'EMP00405','Eric','Martinez','Eric_Martinez2003@anderson.info','2003-10-20',2026,False
'EMP00854','Kristy','Hall','Kristy_Hall1984@johnson-garcia.com','1984-03-28',2018,True
'EMP00793','Maria','Pacheco','Maria_Pacheco1994@robinson-salazar.com','1994-10-12',2017,True
'EMP00626','Ryan','Ware','Ryan_Ware1968@green.com','1968-02-12',2014,True
'EMP00887','Dylan','Russo','Dylan_Russo1984@reyes.com','1984-05-04',2008,True
'EMP00507','Anthony','Mclaughlin','Anthony_Mclaughlin2002@peck-conley.com','2002-08-14',2023,False
'EMP00130','Karen','Weber','Karen_Weber1999@bryant-hicks.org','1999-05-28',2023,True
'EMP00986','Diane','White','Diane_White1987@pena.biz','1987-03-30',2013,True
'EMP00367','Jennifer','Benson','Jennifer_Benson1975@taylor.com','1975-02-20',2026,True
'EMP00332','Shannon','Martinez','Shannon_Martinez1998@evans.net','1998-08-24',2018,True
'EMP00963','Brenda','Mcguire','Brenda_Mcguire1976@mays.info','1976-06-04',2026,True
'EMP00195','Nathan','Blackburn','Nathan_Blackburn1981@perez.com','1981-12-30',2007,True
'EMP00280','Susan','Mckee','Susan_Mckee1969@savage.com','1969-11-11',2018,True
'EMP00451','Justin','Jenkins','Justin_Jenkins1988@perez.com','1988-07-19',2016,True
'EMP00437','Tony','Carey','Tony_Carey2006@martinez.org','2006-04-01',2026,True
'EMP00653','William','Wiley','William_Wiley1999@obrien-johnson.com','1999-05-14',2024,True
'EMP00113','William','Yang','William_Yang1996@lopez-clark.com','1996-06-13',2023,True
'EMP00474','Kevin','Friedman','Kevin_Friedman1996@kennedy.net','1996-06-16',2021,True
'EMP00584','Catherine','Casey','Catherine_Casey1974@noble-jones.com','1974-08-07',2022,True
'EMP00757','Noah','Jennings','Noah_Jennings1982@patterson.biz','1982-09-22',2011,True
'EMP00248','Shane','Krueger','Shane_Krueger1978@evans-smith.com','1978-05-24',2014,False
'EMP00199','Robin','Bishop','Robin_Bishop1972@hernandez-dominguez.info','1972-09-01',2026,True
'EMP00178','Suzanne','Gomez','Suzanne_Gomez1991@clark.biz','1991-10-24',2022,True
'EMP00487','Thomas','Roach','Thomas_Roach1968@patterson.biz','1968-09-15',2009,True
'EMP00738','Brendan','Davis','Brendan_Davis1997@ho-martin.info','1997-07-15',2026,True
'EMP00176','Christopher','Briggs','Christopher_Briggs1976@nolan.info','1976-05-11',2013,True
'EMP00637','Michelle','Roberts','Michelle_Roberts1984@cox.org','1984-10-08',2008,True
'EMP00458','Allison','Graham','Allison_Graham1994@moore.com','1994-12-25',2018,True
'EMP00549','Denise','Holmes','Denise_Holmes1973@garrett-rogers.com','1973-11-25',2017,True
'EMP00310','Heather','Smith','Heather_Smith1981@gilmore.com','1981-05-02',2010,True
'EMP00906','Alexander','Burgess','Alexander_Burgess1993@bell-allen.info','1993-01-12',2020,True
'EMP00969','Andrew','Hunt','Andrew_Hunt1977@holmes-odom.org','1977-03-25',2010,True
'EMP00719','Jason','Benson','Jason_Benson2001@parker.org','2001-11-17',2022,False
'EMP00720','Brandon','Smith','Brandon_Smith1974@swanson.com','1974-05-17',2021,True
'EMP00894','Nicholas','Anderson','Nicholas_Anderson1994@orr.org','1994-09-29',2015,False
'EMP00573','Ryan','Sandoval','Ryan_Sandoval2006@smith.net','2006-05-20',2026,False
'EMP00815','Daniel','Moore','Daniel_Moore2000@jones.com','2000-07-16',2024,True
'EMP00886','Tonya','Edwards','Tonya_Edwards1992@orr.com','1992-05-03',2012,True
'EMP00739','Cody','Fisher','Cody_Fisher1990@grant.com','1990-10-01',2019,True
'EMP00569','Bryan','Christian','Bryan_Christian1993@garza-brown.org','1993-03-16',2025,True
'EMP00932','Travis','Scott','Travis_Scott1986@daniels.biz','1986-01-10',2023,True
'EMP00609','Barbara','Ortiz','Barbara_Ortiz1974@miller-mccann.com','1974-04-30',2024,True
'EMP00759','David','Wilson','David_Wilson2004@foley-chapman.com','2004-06-15',2025,True
'EMP00787','Lisa','Dorsey','Lisa_Dorsey1987@reyes.com','1987-07-28',2024,True
'EMP00509','Heather','Walls','Heather_Walls1990@odonnell.net','1990-02-11',2020,True
'EMP00214','Sean','Martinez','Sean_Martinez1985@sharp.com','1985-07-18',2022,True
'EMP00620','Zachary','Hubbard','Zachary_Hubbard2004@singleton.org','2004-02-06',2026,True
'EMP00938','Samuel','Barrera','Samuel_Barrera1992@pugh-patterson.net','1992-08-16',2019,True
'EMP00718','Frank','Werner','Frank_Werner2003@garcia.com','2003-09-26',2024,True
'EMP00878','Eric','Warner','Eric_Warner1990@price.com','1990-07-03',2024,True
'EMP00968','Claudia','Ross','Claudia_Ross1986@erickson.com','1986-08-12',2010,True
'EMP00316','Sandra','Ross','Sandra_Ross1982@brown.com','1982-11-21',2009,True
'EMP00983','Tammy','Sanchez','Tammy_Sanchez1990@aguirre.com','1990-11-15',2015,True
'EMP00446','Melissa','Ford','Melissa_Ford1977@roman.biz','1977-05-29',2012,True
'EMP00221','Brittany','Davis','Brittany_Davis1995@petersen-dyer.net','1995-12-28',2015,False
'EMP00480','Sarah','Francis','Sarah_Francis1987@kirk.com','1987-05-27',2010,True
'EMP00540','Olivia','Mejia','Olivia_Mejia1986@hunt.org','1986-05-20',2012,True
'EMP00689','Elizabeth','Hood','Elizabeth_Hood1981@johnson-adams.info','1981-08-18',2012,True
'EMP00978','Anthony','Griffith','Anthony_Griffith1976@baker.com','1976-02-12',1997,True
'EMP00076','Angela','Davis','Angela_Davis1989@downs.info','1989-03-29',2019,True
'EMP00701','Erin','Grant','Erin_Grant2003@ramirez-gutierrez.net','2003-05-30',2025,True
'EMP00008','Steven','Lawson','Steven_Lawson1967@mathews.com','1967-09-16',2014,True
'EMP00212','Christopher','Warren','Christopher_Warren2000@caldwell.org','2000-08-08',2021,False
'EMP00013','Barbara','Carr','Barbara_Carr1995@jackson.biz','1995-10-10',2019,True
'EMP00028','Eric','Hahn','Eric_Hahn1983@lin.biz','1983-03-10',2012,True
'EMP00122','Shelly','Owens','Shelly_Owens1997@castillo.com','1997-06-06',2021,True
'EMP00568','Jason','Nelson','Jason_Nelson1998@sampson.com','1998-07-07',2022,True
'EMP00665','Linda','Hutchinson','Linda_Hutchinson1967@fields.info','1967-06-10',2025,True
'EMP00927','Julie','Miller','Julie_Miller1971@vega.com','1971-06-25',2003,True
'EMP00506','Kristin','Gross','Kristin_Gross1998@chandler.info','1998-12-31',2019,True
'EMP00258','James','Woodward','James_Woodward1984@conrad.com','1984-09-28',2013,True
'EMP00735','Tyler','Shaw','Tyler_Shaw1981@wilson-duran.com','1981-09-08',2013,True
'EMP00856','Jenna','Williams','Jenna_Williams1981@garner.com','1981-02-20',2019,False
'EMP00246','Jason','Mosley','Jason_Mosley1999@simmons.com','1999-01-18',2019,False
'EMP00275','Jesse','Fisher','Jesse_Fisher1973@soto-herman.com','1973-12-21',1998,True
'EMP00162','Jessica','Payne','Jessica_Payne2002@jackson.com','2002-08-15',2024,True
'EMP00074','Ricky','Holland','Ricky_Holland2000@lopez.com','2000-06-23',2023,True
'EMP00910','William','George','William_George1973@ballard.net','1973-04-14',1994,True
'EMP00066','Alexander','Barnes','Alexander_Barnes1970@flynn.com','1970-05-27',2020,True
'EMP00063','Joseph','Wheeler','Joseph_Wheeler2000@robinson.org','2000-04-24',2021,True
'EMP00993','Aaron','Wright','Aaron_Wright1976@nielsen-ramirez.com','1976-12-23',2001,True
'EMP00157','Ronald','Frazier','Ronald_Frazier1995@brown.biz','1995-10-16',2015,True
'EMP00208','Aaron','Lopez','Aaron_Lopez1970@wood.com','1970-11-13',2023,True
'EMP00979','Ariel','Stanley','Ariel_Stanley1966@erickson.com','1966-08-08',2004,True
'EMP00217','Christina','Price','Christina_Price1991@lee.com','1991-06-06',2016,True
'EMP00762','Tiffany','Ray','Tiffany_Ray1985@brown-davis.info','1985-01-06',2017,False
'EMP00542','Michael','Moran','Michael_Moran1969@ray.com','1969-07-21',2021,True
'EMP00541','Clifford','Schneider','Clifford_Schneider1981@byrd.net','1981-12-15',2005,True
'EMP00053','Jessica','Rich','Jessica_Rich1966@chapman-jackson.info','1966-12-13',1988,False
'EMP00527','Cynthia','Smith','Cynthia_Smith1998@powell.net','1998-12-21',2025,True
'EMP00373','Daniel','Roberson','Daniel_Roberson1976@hale-allison.info','1976-07-25',2007,True
'EMP00422','Amanda','Fleming','Amanda_Fleming1990@smith.com','1990-04-30',2017,True
'EMP00673','Jasmine','Mitchell','Jasmine_Mitchell1968@walker.com','1968-01-18',2008,True
'EMP00378','Ronald','Evans','Ronald_Evans1982@mcintyre.biz','1982-11-23',2012,False
'EMP00384','Joseph','Jacobson','Joseph_Jacobson1994@baker-williams.biz','1994-12-14',2022,True
'EMP00189','Rachel','Smith','Rachel_Smith1985@miller-smith.com','1985-10-07',2009,True
'EMP00240','Clifford','Wright','Clifford_Wright1968@ross.com','1968-09-07',2026,True
'EMP00923','Amy','Pacheco','Amy_Pacheco1974@lawrence-leonard.com','1974-12-25',2000,True
'EMP00191','Roger','Vasquez','Roger_Vasquez1977@welch.org','1977-12-31',2003,False
'EMP00806','Trevor','Garcia','Trevor_Garcia1993@carey-davis.com','1993-05-16',2016,True
'EMP00037','Justin','Herrera','Justin_Herrera1979@henry.com','1979-12-15',2025,True
'EMP00056','Jeanette','Bennett','Jeanette_Bennett1968@wheeler.info','1968-12-05',2023,True
'EMP00065','Kevin','Campbell','Kevin_Campbell1982@lewis.info','1982-03-25',2009,True
'EMP00987','Kristopher','Young','Kristopher_Young2000@johnson-neal.com','2000-04-25',2023,True
'EMP00904','Karen','Martinez','Karen_Martinez1981@guerrero-smith.info','1981-06-06',2025,True
'EMP00847','Laura','Smith','Laura_Smith1979@oconnell.com','1979-08-29',2009,True
'EMP00252','Mark','Williams','Mark_Williams1984@castaneda-elliott.net','1984-06-06',2008,False
'EMP00200','Katherine','Martinez','Katherine_Martinez2001@arnold-reese.com','2001-02-06',2024,True
'EMP00722','Kayla','Ramirez','Kayla_Ramirez1995@wright.biz','1995-10-28',2023,True
'EMP00404','Katie','Molina','Katie_Molina1979@greene.com','1979-04-25',2026,False
'EMP00461','Cassandra','Garza','Cassandra_Garza1987@pitts.com','1987-10-05',2016,False
'EMP00902','Phillip','Howard','Phillip_Howard1966@thomas.org','1966-10-07',2017,True
'EMP00832','Katie','Cochran','Katie_Cochran1983@huynh.com','1983-01-16',2008,True
'EMP00180','Robert','Carter','Robert_Carter1991@ortega.com','1991-02-22',2011,True
'EMP00420','Keith','Ferguson','Keith_Ferguson1978@steele-taylor.net','1978-03-15',2009,True
'EMP00677','John','Mendoza','John_Mendoza1972@archer-adams.com','1972-09-27',2010,True
'EMP00955','Russell','Phillips','Russell_Phillips2006@collins-olsen.com','2006-06-09',2026,True
'EMP00090','Samantha','Bush','Samantha_Bush1984@mcdowell.com','1984-01-04',2014,False
'EMP00156','Charles','Strickland','Charles_Strickland1984@martin.info','1984-11-05',2008,True
'EMP00135','John','Evans','John_Evans1983@mack.net','1983-11-04',2019,True
'EMP00823','Amy','Brady','Amy_Brady1989@rodriguez.com','1989-01-03',2024,True
'EMP00745','Casey','Martin','Casey_Martin1973@lee.com','1973-08-29',2017,True
'EMP00428','Yolanda','Thompson','Yolanda_Thompson1971@alexander.com','1971-07-08',1995,True
'EMP00671','Anthony','Hernandez','Anthony_Hernandez1986@fox.biz','1986-04-04',2017,True
'EMP00496','Kelly','Hobbs','Kelly_Hobbs1978@lee.net','1978-11-02',2014,True
'EMP00703','Shannon','Green','Shannon_Green1969@glass-clark.info','1969-05-04',2020,True
'EMP00312','John','Lloyd','John_Lloyd1968@allen.biz','1968-12-18',2016,False
'EMP00786','Michael','Wu','Michael_Wu2000@hernandez.info','2000-04-04',2023,True
'EMP00284','Ashley','Mejia','Ashley_Mejia1972@young-johnson.com','1972-04-09',2017,True
'EMP00614','Samuel','Fuentes','Samuel_Fuentes1989@frank.com','1989-06-22',2024,True
'EMP00602','Chad','Ellison','Chad_Ellison1995@james.com','1995-08-23',2024,True
'EMP00980','David','Bush','David_Bush1982@phelps.com','1982-03-16',2011,True
'EMP00051','Samantha','Malone','Samantha_Malone1996@deleon.com','1996-04-25',2018,True
'EMP00913','Amy','Reed','Amy_Reed1996@ortiz.com','1996-04-26',2026,True
'EMP00276','Crystal','Jimenez','Crystal_Jimenez1993@waters.com','1993-04-03',2016,True
'EMP00024','Pamela','Rose','Pamela_Rose1979@jones-taylor.org','1979-04-20',2006,True
'EMP00228','Jared','Knight','Jared_Knight1982@meyer-church.com','1982-09-14',2007,True
'EMP00655','Monica','Black','Monica_Black1995@potts-warren.com','1995-02-11',2015,True
'EMP00153','Adam','Park','Adam_Park2005@ortiz.info','2005-07-15',2026,False
'EMP00152','Virginia','Richards','Virginia_Richards1986@wagner.biz','1986-12-15',2020,True
'EMP00380','Eddie','Li','Eddie_Li1997@woodard.net','1997-05-03',2017,True
'EMP00974','Shannon','Sutton','Shannon_Sutton1998@collier.org','1998-07-23',2019,True
'EMP00003','Holly','Perez','Holly_Perez1977@fisher.info','1977-04-22',2005,True
'EMP00863','Patrick','Santos','Patrick_Santos1975@flores-singleton.com','1975-03-20',2025,True
'EMP00682','Sara','Williams','Sara_Williams1982@daniels-adams.com','1982-10-03',2008,False
'EMP00783','Cameron','Hicks','Cameron_Hicks1976@norris.com','1976-01-25',2001,True
'EMP00297','Eric','King','Eric_King2001@thompson-mcdaniel.com','2001-06-06',2023,True
'EMP00645','Larry','Cox','Larry_Cox1970@deleon-kaufman.net','1970-11-29',2026,True
'EMP00918','Debra','Ramos','Debra_Ramos1994@anderson.biz','1994-10-24',2020,True
'EMP00939','Michael','Brown','Michael_Brown1981@shepard.com','1981-03-09',2011,True
'EMP00470','Tamara','Boyd','Tamara_Boyd1968@pierce.com','1968-12-25',2004,True
'EMP00237','Jessica','Rodriguez','Jessica_Rodriguez2000@harrell-gibson.com','2000-03-29',2021,True
'EMP00760','Miranda','Lopez','Miranda_Lopez2003@reynolds.org','2003-06-11',2026,True
'EMP00005','Joshua','Schwartz','Joshua_Schwartz1996@smith.info','1996-10-29',2022,True
'EMP00796','Dennis','Evans','Dennis_Evans1970@ramirez.com','1970-06-02',2014,True
'EMP00381','William','Munoz','William_Munoz1978@doyle-briggs.biz','1978-05-22',2015,True
'EMP00970','Thomas','Martinez','Thomas_Martinez1977@montgomery-hill.info','1977-03-05',2012,True
'EMP00030','Zachary','Owens','Zachary_Owens1983@walker.com','1983-10-16',2010,True
'EMP00934','Marc','Anderson','Marc_Anderson1979@vasquez-leonard.com','1979-08-12',2004,True
'EMP00936','Stacy','Phelps','Stacy_Phelps1978@garcia.org','1978-07-30',2009,True
'EMP00723','Christine','Taylor','Christine_Taylor1994@hamilton.com','1994-07-21',2023,True
'EMP00544','Tina','Cain','Tina_Cain1991@hopkins.info','1991-09-29',2022,True
'EMP00478','Garrett','Lee','Garrett_Lee1977@johnson.com','1977-04-28',1998,True
'EMP00354','Tracy','Rogers','Tracy_Rogers1979@cooper-saunders.info','1979-03-30',2003,True
'EMP00597','Monica','Fitzpatrick','Monica_Fitzpatrick1977@murphy.com','1977-04-20',2026,True
'EMP00839','Kristen','Smith','Kristen_Smith1972@barker-jones.net','1972-06-09',1998,True
'EMP00251','Debbie','Sanders','Debbie_Sanders1968@cantrell.com','1968-06-06',2023,True
'EMP00623','Holly','Giles','Holly_Giles1982@taylor.com','1982-08-21',2013,False
'EMP00593','Christina','Spencer','Christina_Spencer1968@williams.net','1968-12-04',2001,True
'EMP00264','Jared','Foster','Jared_Foster1966@sloan-torres.net','1966-08-19',1989,True
'EMP00330','David','Clark','David_Clark1990@bell.com','1990-02-03',2026,True
'EMP00585','Jason','Cunningham','Jason_Cunningham1971@norman.biz','1971-01-02',2020,True
'EMP00750','Jeffrey','Carter','Jeffrey_Carter1980@moss.org','1980-12-25',2023,True
'EMP00369','Robert','Wong','Robert_Wong1995@garza-reese.com','1995-12-29',2015,True
'EMP00389','Tiffany','Yoder','Tiffany_Yoder1979@mann-bowen.info','1979-05-22',2012,True
'EMP00954','Morgan','Holland','Morgan_Holland1972@evans.com','1972-01-09',2012,False
'EMP00001','Philip','Beck','Philip_Beck1988@allison-edwards.com','1988-11-09',2009,True
'EMP00197','Stacy','Lopez','Stacy_Lopez1994@marshall-smith.net','1994-11-08',2021,True
'EMP00210','Jodi','Chapman','Jodi_Chapman1997@wolf.com','1997-03-29',2020,True
'EMP00355','Ryan','Johnson','Ryan_Johnson1993@boone.com','1993-11-18',2022,True
'EMP00257','Laura','Williams','Laura_Williams1987@zavala.com','1987-12-06',2016,True
'EMP00510','Fred','Solomon','Fred_Solomon1979@douglas-knight.com','1979-06-21',2011,True
'EMP00260','Deborah','Porter','Deborah_Porter1991@martinez.com','1991-08-19',2017,True
'EMP00336','Luis','Turner','Luis_Turner1990@bell.com','1990-09-15',2017,True
'EMP00799','Christopher','Garner','Christopher_Garner2001@burns-sanford.info','2001-09-25',2023,True
'EMP00149','Paul','Bowers','Paul_Bowers1971@baker.net','1971-06-17',2011,True
'EMP00763','Evelyn','Fleming','Evelyn_Fleming1986@gray-flores.net','1986-04-07',2012,True
'EMP00481','Jonathan','Moore','Jonathan_Moore1974@baker.org','1974-12-29',2023,True
'EMP00697','David','Molina','David_Molina2004@jackson.net','2004-04-05',2024,True
'EMP00040','David','Wright','David_Wright1978@smith.com','1978-10-02',2023,True
'EMP00592','Jessica','Barber','Jessica_Barber1974@adkins.com','1974-12-07',2012,True
'EMP00825','Jennifer','Miller','Jennifer_Miller1968@little.net','1968-05-03',2007,True
'EMP00773','Richard','Rodriguez','Richard_Rodriguez2004@williams-patrick.net','2004-08-30',2026,True
'EMP00262','Bonnie','Larson','Bonnie_Larson1978@fuentes-haley.com','1978-04-22',2001,True
'EMP00977','Emily','Hammond','Emily_Hammond1984@garza-herring.biz','1984-08-14',2016,True
'EMP00581','Sean','Morris','Sean_Morris1974@bishop-campbell.com','1974-01-10',2017,False
'EMP00105','Matthew','Hernandez','Matthew_Hernandez2006@harris.net','2006-03-01',2026,True
'EMP00327','Melissa','Rangel','Melissa_Rangel1977@nichols-watkins.info','1977-09-27',2014,False
'EMP00663','Wesley','Daniels','Wesley_Daniels1979@russell.biz','1979-09-26',2007,True
'EMP00818','Terri','Robbins','Terri_Robbins1989@palmer.com','1989-12-30',2016,True
'EMP00779','Gary','Lane','Gary_Lane1989@kelly.biz','1989-08-29',2014,True
'EMP00952','Traci','Hardy','Traci_Hardy1981@gibson-willis.com','1981-08-30',2024,True
'EMP00347','Rachel','Marshall','Rachel_Marshall1998@jones.info','1998-06-11',2022,True
'EMP00908','Ryan','Medina','Ryan_Medina1989@collins.org','1989-08-15',2016,True
'EMP00565','Jennifer','Weber','Jennifer_Weber1969@michael.org','1969-12-17',1993,True
'EMP00068','Lisa','Hall','Lisa_Hall2001@rojas.com','2001-07-03',2022,False
'EMP00432','Jodi','Freeman','Jodi_Freeman1976@donaldson.biz','1976-02-27',2006,True
'EMP00606','Melanie','White','Melanie_White1991@espinoza-collins.net','1991-03-04',2022,True
'EMP00172','Joshua','Bridges','Joshua_Bridges1981@bauer-schneider.com','1981-03-01',2008,True
'EMP00304','Grant','Parker','Grant_Parker1983@avila.biz','1983-03-01',2010,True
'EMP00667','Jonathan','Hudson','Jonathan_Hudson1984@le.com','1984-06-23',2015,True
'EMP00031','John','Smith','John_Smith2001@johnson-lane.info','2001-10-27',2025,True
'EMP00495','Kristy','Mercado','Kristy_Mercado1986@lopez-martin.org','1986-12-15',2012,False
'EMP00501','Danielle','Crawford','Danielle_Crawford1979@farrell.info','1979-04-24',2015,True
'EMP00587','Gregory','Sullivan','Gregory_Sullivan1998@preston-hughes.com','1998-02-03',2025,True
'EMP00909','Melissa','Hall','Melissa_Hall1972@harper.com','1972-04-01',2005,True
'EMP00301','Roberto','Martinez','Roberto_Martinez2004@king.info','2004-10-24',2026,True
'EMP00966','Jose','Gill','Jose_Gill1967@finley.org','1967-11-19',2012,False
'EMP00313','Manuel','Wall','Manuel_Wall1980@thomas.net','1980-12-13',2013,True
'EMP00292','Denise','Norris','Denise_Norris1975@stewart.com','1975-04-14',2026,True
'EMP00851','Michael','Watson','Michael_Watson1998@ramirez-nelson.com','1998-04-11',2020,True
'EMP00524','Jennifer','Anderson','Jennifer_Anderson1968@marshall.net','1968-07-22',2021,True
'EMP00641','Joseph','Gilmore','Joseph_Gilmore2004@jackson.com','2004-02-07',2024,True
'EMP00357','Maria','Johnson','Maria_Johnson1983@cabrera.com','1983-04-10',2022,True
'EMP00811','Elizabeth','Thomas','Elizabeth_Thomas2000@morrison.com','2000-12-26',2020,True
'EMP00768','Maureen','Kirby','Maureen_Kirby1969@alvarez.com','1969-01-07',1995,True
'EMP00039','Lindsay','Salazar','Lindsay_Salazar1994@howard.biz','1994-08-26',2020,True
'EMP00888','Sandra','Evans','Sandra_Evans1980@ayala.com','1980-01-13',2001,True
'EMP00334','Shelley','Anderson','Shelley_Anderson1983@klein.com','1983-01-07',2008,True
'EMP00948','Yvonne','Lynch','Yvonne_Lynch1979@velazquez-vaughn.com','1979-05-01',2013,True
'EMP00464','Amber','Harris','Amber_Harris1996@simpson.net','1996-01-20',2024,True
'EMP00450','Juan','Brady','Juan_Brady1981@hernandez.com','1981-09-14',2002,True
'EMP00625','Connor','Melton','Connor_Melton1973@ayala-johnson.org','1973-10-20',2017,True
'EMP00600','Alex','Nguyen','Alex_Nguyen1993@nelson.com','1993-11-02',2026,True
'EMP00859','Deborah','Lewis','Deborah_Lewis1985@johnson-tyler.com','1985-12-27',2013,True
'EMP00816','Martin','Buck','Martin_Buck1969@young-miller.com','1969-02-15',2003,True
'EMP00643','Katelyn','Thomas','Katelyn_Thomas1989@smith.com','1989-09-14',2016,True
'EMP00222','Janice','Reed','Janice_Reed1984@mccarthy-collins.info','1984-10-10',2023,True
'EMP00693','Sean','Hernandez','Sean_Hernandez1988@dillon.com','1988-11-07',2022,True
'EMP00011','Billy','Warren','Billy_Warren1995@perry.com','1995-04-02',2025,True
'EMP00273','Erik','Stuart','Erik_Stuart1991@johnston.com','1991-07-01',2013,True
'EMP00115','Jeffrey','Oconnell','Jeffrey_Oconnell2002@cox.biz','2002-09-03',2022,True
'EMP00335','George','Cox','George_Cox1969@diaz.com','1969-07-26',1995,True
'EMP00287','Lisa','Rojas','Lisa_Rojas1998@smith.org','1998-10-19',2020,True
'EMP00331','Richard','Sandoval','Richard_Sandoval1989@ryan-delacruz.org','1989-01-18',2011,True
'EMP00855','John','Good','John_Good1971@hicks-stone.com','1971-10-27',2014,True
'EMP00736','Tonya','Schultz','Tonya_Schultz1971@ellison-morgan.com','1971-05-18',2001,True
'EMP00564','Heidi','Dougherty','Heidi_Dougherty1996@phillips.biz','1996-11-20',2021,True
'EMP00498','Chloe','Joyce','Chloe_Joyce1978@fox-hayes.info','1978-07-05',2019,True
'EMP00866','Daniel','Marshall','Daniel_Marshall2005@smith.org','2005-03-23',2025,True
'EMP00427','Jessica','Reyes','Jessica_Reyes1983@parker.net','1983-06-16',2018,True
'EMP00891','Pamela','Gonzales','Pamela_Gonzales1985@flores.com','1985-10-06',2026,True
'EMP00640','Michael','Jenkins','Michael_Jenkins1982@smith-miller.com','1982-03-20',2011,True
'EMP00841','Katie','Butler','Katie_Butler1996@bates-powell.biz','1996-02-28',2018,True
'EMP00127','Christopher','Rivers','Christopher_Rivers1979@davis.info','1979-05-24',2013,True
'EMP00868','Kevin','Peterson','Kevin_Peterson1988@kidd.com','1988-08-15',2013,True
'EMP00218','Cameron','Stuart','Cameron_Stuart1987@hale.net','1987-11-30',2016,True
'EMP00672','Sarah','Hammond','Sarah_Hammond1994@wilkins-garrett.net','1994-04-07',2022,True
'EMP00864','Elizabeth','Wilson','Elizabeth_Wilson1983@brady.com','1983-07-28',2007,True
'EMP00006','Derek','Wilson','Derek_Wilson1976@berger.net','1976-09-23',2021,True
'EMP00241','Robert','Coleman','Robert_Coleman1980@crawford.net','1980-05-04',2016,True
'EMP00946','Jennifer','Curry','Jennifer_Curry1969@atkins.com','1969-07-18',2008,False
'EMP00418','Samantha','Garrett','Samantha_Garrett2001@abbott.com','2001-05-13',2023,True
'EMP00205','William','Schwartz','William_Schwartz1983@oliver.biz','1983-02-14',2009,True
'EMP00271','Kyle','Alvarez','Kyle_Alvarez1968@reed-flores.com','1968-01-10',2000,True
'EMP00124','Travis','Bradford','Travis_Bradford1991@larson.info','1991-06-19',2026,True
'EMP00266','Julie','Dennis','Julie_Dennis2001@herman.com','2001-07-10',2022,True
'EMP00377','Cory','Hughes','Cory_Hughes1976@carter.biz','1976-11-10',2014,True
'EMP00286','Willie','Frost','Willie_Frost1970@tucker.net','1970-11-07',2004,True
'EMP00752','Erica','White','Erica_White1976@johnson.org','1976-12-12',2019,True
'EMP00079','Brett','Myers','Brett_Myers1979@paul.info','1979-01-15',2010,True
'EMP00605','Victor','Burnett','Victor_Burnett1968@bridges.biz','1968-07-28',1993,True
'EMP00314','Patricia','Medina','Patricia_Medina1974@short.com','1974-04-27',2023,True
'EMP00042','Teresa','Carpenter','Teresa_Carpenter1990@tapia.com','1990-12-01',2011,True
'EMP00648','Monica','Davis','Monica_Davis1969@ward-campbell.org','1969-09-15',2018,True
'EMP00874','William','Garcia','William_Garcia2002@harris.info','2002-03-23',2024,True
'EMP00493','Laura','Mathis','Laura_Mathis1983@choi.info','1983-06-14',2008,True
'EMP00699','Anna','Williamson','Anna_Williamson1975@torres.com','1975-01-26',2024,True
'EMP00531','Brianna','Carter','Brianna_Carter1986@hernandez.com','1986-08-13',2010,True
'EMP00431','Marie','Moreno','Marie_Moreno1967@trujillo.net','1967-05-08',2017,True
'EMP00975','Kristi','Morgan','Kristi_Morgan1987@johnson-pineda.info','1987-02-20',2018,True
'EMP00846','Bridget','Gilmore','Bridget_Gilmore1984@salinas.com','1984-08-13',2009,True
'EMP00551','Yolanda','Holland','Yolanda_Holland1973@jackson.com','1973-08-31',2015,True
'EMP00112','Carol','Johnson','Carol_Johnson1983@rivas-rodriguez.com','1983-04-30',2021,True
'EMP00448','Jeffrey','Herrera','Jeffrey_Herrera1978@knight.net','1978-12-31',2016,True
'EMP00670','Shannon','Ortega','Shannon_Ortega1993@bush.biz','1993-05-02',2018,False
'EMP00343','Alexis','Davis','Alexis_Davis1970@mills-davis.net','1970-09-25',2018,True
'EMP00579','Craig','Sawyer','Craig_Sawyer1989@berg-fox.com','1989-03-21',2009,True
'EMP00435','Andrew','Moore','Andrew_Moore1980@cunningham-larson.info','1980-02-29',2014,True
'EMP00547','Deborah','Hunter','Deborah_Hunter1977@hernandez.info','1977-08-23',2026,True
'EMP00850','Peter','Pope','Peter_Pope2003@olson.com','2003-08-08',2023,True
'EMP00712','Joshua','Butler','Joshua_Butler1971@martin.info','1971-04-08',2005,True
'EMP00497','Nicole','Hall','Nicole_Hall1996@moore.com','1996-12-19',2020,True
'EMP00525','Rodney','Duran','Rodney_Duran1987@cobb.com','1987-02-22',2011,True
'EMP00994','Jack','Mathis','Jack_Mathis1996@short.com','1996-06-27',2026,True
'EMP00814','Kelly','Donovan','Kelly_Donovan1994@levy-jones.com','1994-07-28',2026,True
'EMP00215','Tara','Hoffman','Tara_Hoffman1966@rice.com','1966-12-19',2019,True
'EMP00798','Deborah','Holden','Deborah_Holden1984@perez.com','1984-01-07',2025,True
'EMP00350','Benjamin','Sullivan','Benjamin_Sullivan1971@mendez.net','1971-06-16',2015,True
'EMP00529','Luis','Beasley','Luis_Beasley1976@barnes-luna.com','1976-06-11',2020,False
'EMP00242','Eric','Branch','Eric_Branch1975@kirby-norton.com','1975-04-12',2004,True
'EMP00014','Javier','Benson','Javier_Benson2000@orr-lara.com','2000-11-01',2021,True
'EMP00494','James','Williamson','James_Williamson1967@gonzalez.biz','1967-06-02',2020,False
'EMP00684','Barbara','Gonzales','Barbara_Gonzales1985@bray-alexander.org','1985-05-28',2008,True
'EMP00412','Jeremy','Wells','Jeremy_Wells1972@holloway.com','1972-08-31',1994,True
'EMP00711','Melissa','Lopez','Melissa_Lopez2002@butler-lee.com','2002-06-26',2022,True
'EMP00022','Lisa','Scott','Lisa_Scott2003@bush.com','2003-01-30',2026,False
'EMP00255','Traci','Bright','Traci_Bright1990@weaver-brooks.org','1990-07-29',2017,True
'EMP00572','Daryl','Brown','Daryl_Brown1985@hill-clark.com','1985-03-25',2009,True
'EMP00883','Elijah','Frederick','Elijah_Frederick1971@peterson-neal.com','1971-10-19',2012,True
'EMP00328','Tyler','Ochoa','Tyler_Ochoa1997@wood.biz','1997-05-05',2026,False
'EMP00533','Joshua','Ramos','Joshua_Ramos2006@jacobson-lyons.com','2006-06-15',2026,True
'EMP00837','Marc','Parrish','Marc_Parrish1985@pham.com','1985-08-23',2013,True
'EMP00151','Lauren','Aguirre','Lauren_Aguirre1998@williams.com','1998-09-17',2024,True
'EMP00261','Luis','Contreras','Luis_Contreras1994@hamilton.com','1994-08-18',2014,True
'EMP00659','Stephen','Hogan','Stephen_Hogan1970@lambert.biz','1970-03-06',1993,True
'EMP00361','Melissa','Bartlett','Melissa_Bartlett2003@montoya-sanchez.com','2003-05-12',2023,False
'EMP00465','Emily','Rodriguez','Emily_Rodriguez1982@vaughan.com','1982-11-07',2004,True
'EMP00202','Brian','Lewis','Brian_Lewis1966@freeman.info','1966-08-18',1989,True
'EMP00708','Peter','Evans','Peter_Evans1980@gordon.biz','1980-12-26',2020,True
'EMP00154','Sheri','Bradford','Sheri_Bradford1987@turner-scott.com','1987-07-03',2025,True
'EMP00717','Danielle','Miller','Danielle_Miller1980@cooper-dunn.net','1980-03-08',2000,True
'EMP00119','Kyle','Smith','Kyle_Smith1977@waters-peters.info','1977-10-23',2014,False
'EMP00784','Bradley','Rice','Bradley_Rice1967@garner.info','1967-01-26',2021,True
'EMP00052','Tracy','Mclean','Tracy_Mclean1969@clark-parker.biz','1969-10-15',2006,True
'EMP00386','Ana','Johnson','Ana_Johnson1979@melendez.info','1979-03-12',2003,True
'EMP00447','Madison','Johnson','Madison_Johnson1974@donovan.com','1974-06-24',2002,True
'EMP00116','Mary','Thomas','Mary_Thomas1995@hall.com','1995-10-23',2017,False
'EMP00882','Brian','Beltran','Brian_Beltran1990@bradley.com','1990-05-17',2022,True
'EMP00155','Michelle','Mccann','Michelle_Mccann1970@mason-shaw.com','1970-06-18',2000,True
'EMP00553','Juan','Barnett','Juan_Barnett1984@mccall-davidson.biz','1984-02-12',2009,True
'EMP00394','Allison','Manning','Allison_Manning1990@park.com','1990-08-14',2016,True
'EMP00069','Lisa','Melendez','Lisa_Melendez1979@browning.com','1979-10-06',2006,True
'EMP00302','Jonathan','Jones','Jonathan_Jones1989@johnson.com','1989-03-21',2015,True
'EMP00338','Allen','Powell','Allen_Powell1978@morrow-robinson.com','1978-03-15',2003,True
'EMP00094','Joseph','Lee','Joseph_Lee1989@elliott-williams.com','1989-11-26',2017,True
'EMP00434','Michael','Smith','Michael_Smith1977@woodard.com','1977-01-16',2003,True
'EMP00424','Tina','Hill','Tina_Hill1996@jackson.com','1996-12-03',2024,True
'EMP00944','John','Perry','John_Perry1969@roberts.info','1969-11-18',2009,True
'EMP00371','Susan','Pollard','Susan_Pollard1993@harrington.net','1993-07-15',2019,True
'EMP00989','Kara','Russell','Kara_Russell1984@patton.com','1984-01-04',2016,True
'EMP00586','Michael','Thompson','Michael_Thompson1993@cole.net','1993-04-04',2024,True
'EMP00801','Samuel','Fleming','Samuel_Fleming1973@leonard.com','1973-03-13',2000,True
'EMP00754','Frank','Grant','Frank_Grant1976@west.com','1976-07-08',2017,True
'EMP00518','Cheyenne','Hopkins','Cheyenne_Hopkins1969@perez.com','1969-09-14',1993,True
'EMP00513','Adam','Perry','Adam_Perry2004@carter-french.info','2004-03-17',2025,True
'EMP00489','Melissa','Davis','Melissa_Davis1995@haynes.com','1995-04-11',2017,True
'EMP00229','Michael','Hill','Michael_Hill2000@brown.com','2000-11-09',2023,True
'EMP00488','Michele','Smith','Michele_Smith1992@knight-mcclure.com','1992-11-15',2025,False
'EMP00596','Robert','Morris','Robert_Morris1972@carr.com','1972-05-05',2007,True
'EMP00941','Robert','Adams','Robert_Adams2002@carter.org','2002-10-04',2024,True
'EMP00018','Jessica','Mills','Jessica_Mills2002@henry.com','2002-04-09',2026,True
'EMP00171','Joshua','Jimenez','Joshua_Jimenez1977@hale-lucas.com','1977-02-25',2005,True
'EMP00166','Anna','Nelson','Anna_Nelson1988@fowler.com','1988-07-19',2024,True
'EMP00073','Daniel','Higgins','Daniel_Higgins1984@jones-nolan.com','1984-09-23',2025,True
'EMP00604','Kathy','Velez','Kathy_Velez1986@rodriguez-valencia.net','1986-01-01',2012,True
'EMP00631','Christopher','Carlson','Christopher_Carlson2005@smith.com','2005-03-13',2025,True
'EMP00209','Michael','Rodriguez','Michael_Rodriguez1978@reyes-ramirez.com','1978-09-17',2021,True
'EMP00087','Crystal','Jimenez','Crystal_Jimenez2002@walker-maxwell.com','2002-01-04',2023,True
'EMP00732','Vincent','Williams','Vincent_Williams2005@walker.info','2005-06-29',2025,False
'EMP00833','Ashley','Phillips','Ashley_Phillips1968@brown-vasquez.biz','1968-05-20',1991,True
'EMP00516','Elaine','Nelson','Elaine_Nelson1971@walsh-clark.com','1971-07-06',2004,True
'EMP00881','Joshua','Wells','Joshua_Wells1988@carlson.com','1988-09-23',2024,True
'EMP00376','Jill','Ellis','Jill_Ellis1978@coleman.com','1978-05-25',2019,True
'EMP00676','Thomas','Meyers','Thomas_Meyers1990@romero.com','1990-11-25',2015,True
'EMP00445','Sean','Williams','Sean_Williams1992@fox.org','1992-08-01',2015,True
'EMP00225','Michael','Thomas','Michael_Thomas1998@brooks.com','1998-06-07',2024,True
'EMP00158','Mary','Cox','Mary_Cox1979@brown.org','1979-10-05',2018,True
'EMP00984','Steven','Rivera','Steven_Rivera1982@anderson.com','1982-04-22',2009,True
'EMP00920','Angela','Griffith','Angela_Griffith2001@simpson.com','2001-05-04',2021,False
'EMP00084','Heather','Jones','Heather_Jones2000@lewis.com','2000-01-19',2026,True
'EMP00504','Tanner','Morales','Tanner_Morales1978@henderson-ho.com','1978-05-06',2026,True
'EMP00173','Jason','Robinson','Jason_Robinson1999@li.com','1999-07-22',2019,True
'EMP00598','Daniel','Brown','Daniel_Brown2003@mcmahon.com','2003-01-15',2026,True
'EMP00468','Michael','Lopez','Michael_Lopez1971@miller-martinez.info','1971-12-08',2021,False
'EMP00093','Angela','Johnson','Angela_Johnson1983@hogan-thomas.info','1983-08-07',2026,True
'EMP00364','Michelle','Wilson','Michelle_Wilson1994@evans.biz','1994-03-10',2026,True
'EMP00876','Jon','Jones','Jon_Jones1982@beck-morgan.biz','1982-06-28',2021,True
'EMP00064','Kaitlyn','Nolan','Kaitlyn_Nolan1979@frazier-nelson.biz','1979-07-19',2007,False
'EMP00730','Angela','Fernandez','Angela_Fernandez1988@munoz-wolf.net','1988-01-14',2016,True
'EMP00164','Carlos','Foster','Carlos_Foster1968@morgan.com','1968-04-05',2009,True
'EMP00296','Andrew','Harris','Andrew_Harris1972@mcpherson.com','1972-03-29',1998,True
'EMP00985','Timothy','Morton','Timothy_Morton1976@wong.biz','1976-03-10',2006,True
'EMP00179','Rick','Molina','Rick_Molina1998@spears.biz','1998-04-22',2019,True
'EMP00669','Erica','Jackson','Erica_Jackson2005@johnson.org','2005-01-01',2025,True
'EMP00933','Carol','Sandoval','Carol_Sandoval1986@vasquez.com','1986-04-15',2006,True
'EMP00619','Tina','Stephens','Tina_Stephens1984@ortega.com','1984-08-24',2005,True
'EMP00998','John','Ramos','John_Ramos2002@mitchell.info','2002-10-17',2025,True
'EMP00610','Kyle','Barnett','Kyle_Barnett2003@lewis-fox.info','2003-09-13',2024,True
'EMP00411','Rebecca','Parks','Rebecca_Parks1990@dawson.net','1990-09-27',2010,False
'EMP00528','Juan','Miller','Juan_Miller1997@underwood.com','1997-06-02',2025,True
'EMP00714','Evelyn','Fischer','Evelyn_Fischer1977@burke.net','1977-05-29',2021,True
'EMP00475','Melanie','Gaines','Melanie_Gaines1973@ortiz.com','1973-06-01',1993,True
'EMP00282','Michael','Morrison','Michael_Morrison1975@fox.info','1975-08-13',2008,True
'EMP00027','Jenny','Murray','Jenny_Murray1988@thompson-jones.info','1988-05-19',2008,True
'EMP00370','Brian','Brown','Brian_Brown1986@bowers-allen.net','1986-03-18',2023,True
'EMP00216','John','Bailey','John_Bailey1993@gonzales-roberson.com','1993-12-05',2015,True
'EMP00044','Jade','Young','Jade_Young1972@sutton.com','1972-12-06',2014,True
'EMP00753','Anthony','Mullen','Anthony_Mullen1972@caldwell.com','1972-12-14',2015,True
'EMP00177','Mark','Gibson','Mark_Gibson1972@rowland-baker.com','1972-12-15',2021,True
'EMP00731','Molly','Hart','Molly_Hart1979@stewart.com','1979-06-24',2024,True
'EMP00407','Amy','Alvarez','Amy_Alvarez1970@mccarthy-peters.com','1970-05-16',1998,True
'EMP00901','Theresa','Haley','Theresa_Haley1988@chan.com','1988-08-08',2017,True
'EMP00002','Brian','Reeves','Brian_Reeves1989@bradford-williams.net','1989-03-14',2012,True
'EMP00890','Wayne','Rivera','Wayne_Rivera1973@burke.com','1973-08-17',2006,True
'EMP00307','Melissa','Young','Melissa_Young2005@page.org','2005-05-23',2026,True
'EMP00889','Katherine','Burgess','Katherine_Burgess1996@sims.biz','1996-10-16',2022,True
'EMP00279','Darryl','Livingston','Darryl_Livingston2002@moore.net','2002-07-02',2024,True
'EMP00012','Scott','Johnson','Scott_Johnson2001@martinez-gonzales.biz','2001-03-03',2026,True
'EMP00484','Sheri','Bradshaw','Sheri_Bradshaw1975@rios-barnett.com','1975-05-13',2026,True
'EMP00552','Jacob','Chambers','Jacob_Chambers1979@contreras.org','1979-10-29',2000,True
'EMP00444','Jennifer','Burton','Jennifer_Burton1996@khan.com','1996-09-20',2025,True
'EMP00142','Tina','Carpenter','Tina_Carpenter1980@alvarado.com','1980-04-29',2001,False
'EMP00016','Robin','Hanson','Robin_Hanson1972@harris.info','1972-02-06',1998,False
'EMP00636','Jason','Guzman','Jason_Guzman1985@hansen-miller.info','1985-02-26',2013,True
'EMP00078','Tonya','Riley','Tonya_Riley1969@gardner.info','1969-12-29',2016,True
'EMP00329','Jason','Johnson','Jason_Johnson1987@taylor.biz','1987-01-22',2025,True
'EMP00929','Pamela','West','Pamela_West1999@kaufman.biz','1999-06-04',2019,True
'EMP00190','Erica','Griffith','Erica_Griffith1976@kelly.com','1976-04-28',2009,True
'EMP00139','Jason','Martinez','Jason_Martinez2006@williams.com','2006-07-21',2026,True
'EMP00182','Heather','Miller','Heather_Miller1970@thompson.com','1970-07-31',1993,True
'EMP00123','Justin','Phillips','Justin_Phillips2000@weber.com','2000-10-18',2021,True
'EMP00134','Daniel','Thomas','Daniel_Thomas1997@robinson-harrell.com','1997-10-03',2017,True
'EMP00535','Ralph','Perez','Ralph_Perez1985@hernandez-mccormick.info','1985-01-13',2005,True
'EMP00114','Cathy','Andrews','Cathy_Andrews1997@sanchez.biz','1997-05-29',2018,True
'EMP00778','John','Vaughn','John_Vaughn1997@stanley.net','1997-11-25',2024,True
'EMP00396','Matthew','Golden','Matthew_Golden1972@miller.net','1972-09-22',2012,True
'EMP00971','John','Harris','John_Harris1971@lamb-giles.biz','1971-02-10',1996,True
'EMP00118','Jonathan','Mason','Jonathan_Mason1997@olson-wheeler.info','1997-11-13',2023,True
'EMP00054','Charles','Meadows','Charles_Meadows1981@brown.com','1981-01-25',2014,True
'EMP00204','Andrea','Brown','Andrea_Brown2002@peterson.com','2002-08-10',2022,True
'EMP00594','John','Marks','John_Marks1995@kelley.com','1995-11-12',2024,False
'EMP00436','Patricia','Chen','Patricia_Chen1985@moore.com','1985-06-10',2016,True
'EMP00873','Jennifer','Morales','Jennifer_Morales1979@ramirez.org','1979-05-17',2011,True
'EMP00250','Theresa','Cameron','Theresa_Cameron1998@mueller-collins.com','1998-12-03',2025,True
'EMP00812','Brandon','Jarvis','Brandon_Jarvis1986@blackwell-randolph.info','1986-10-14',2015,True
'EMP00804','Christian','Hamilton','Christian_Hamilton1970@diaz.info','1970-12-06',2002,True
'EMP00117','Emily','Holmes','Emily_Holmes1969@taylor.com','1969-08-09',2024,True
'EMP00537','Jesus','Perez','Jesus_Perez2002@harris.com','2002-05-03',2024,True
'EMP00879','Ronnie','Aguilar','Ronnie_Aguilar1992@walters-hughes.com','1992-04-18',2015,True
'EMP00359','James','Haley','James_Haley1971@gay.org','1971-03-17',2019,True
'EMP00852','Andrew','Yang','Andrew_Yang1969@logan.net','1969-11-21',2015,True
'EMP00082','Mindy','Johnson','Mindy_Johnson1973@peters.info','1973-04-23',2012,True
'EMP00951','Andrea','Williams','Andrea_Williams1982@franklin-diaz.biz','1982-07-18',2012,False
'EMP00821','Denise','Taylor','Denise_Taylor2006@clark.com','2006-01-26',2026,True
'EMP00916','Melissa','Humphrey','Melissa_Humphrey1969@thomas.net','1969-04-02',2001,True
'EMP00842','Jessica','Sanchez','Jessica_Sanchez1991@watson.com','1991-11-02',2016,True
'EMP00660','Kenneth','Kirk','Kenneth_Kirk1980@turner.info','1980-04-17',2012,True
'EMP00840','Michael','Jordan','Michael_Jordan1990@hall.info','1990-08-03',2023,False
'EMP00169','William','Bennett','William_Bennett1995@allen.biz','1995-12-11',2019,True
'EMP00781','Paul','Osborne','Paul_Osborne1977@brooks-nash.biz','1977-02-04',2012,True
'EMP00062','Cheryl','Smith','Cheryl_Smith1998@jones-callahan.com','1998-12-17',2019,True
'EMP00898','Brian','Meyer','Brian_Meyer1986@pineda.com','1986-12-16',2011,True
'EMP00167','Paul','Andrade','Paul_Andrade1977@pennington.info','1977-08-09',2010,True
'EMP00599','Nicholas','Smith','Nicholas_Smith1975@norton-schneider.com','1975-08-11',2010,True
'EMP00539','Fred','Collins','Fred_Collins1988@oliver.com','1988-05-11',2021,True
'EMP00244','Anna','Morrison','Anna_Morrison1967@jimenez.com','1967-08-13',2015,True
'EMP00408','Richard','Kirk','Richard_Kirk1984@ward.net','1984-05-15',2010,True
'EMP00486','Sylvia','Russell','Sylvia_Russell1994@roth.com','1994-04-02',2017,True
'EMP00813','Thomas','Cooper','Thomas_Cooper1988@arroyo.com','1988-07-29',2008,True
'EMP00132','James','Mcneil','James_Mcneil1971@taylor.net','1971-10-19',2025,True
'EMP00035','Robert','Duncan','Robert_Duncan1989@brady.info','1989-03-18',2017,True
'EMP00514','Troy','Perry','Troy_Perry1988@johnson.com','1988-09-24',2024,True
'EMP00017','Rickey','Farrell','Rickey_Farrell1968@martin-garza.com','1968-02-15',2003,True
'EMP00144','Stacey','Tucker','Stacey_Tucker1997@jefferson.com','1997-07-27',2024,True
'EMP00991','Jennifer','Thomas','Jennifer_Thomas1994@montes.com','1994-02-23',2025,True
'EMP00999','Paul','Dean','Paul_Dean1968@johnson.biz','1968-07-12',2009,True
'EMP00163','Barry','Smith','Barry_Smith1984@acosta.biz','1984-04-18',2005,True
'EMP00325','Matthew','Lambert','Matthew_Lambert1969@gardner.biz','1969-06-12',2010,True
'EMP00055','Lori','Sims','Lori_Sims1991@brown.com','1991-09-14',2019,True
'EMP00449','John','Marsh','John_Marsh2002@garcia-ward.com','2002-10-10',2023,True
'EMP00058','Jessica','Flores','Jessica_Flores1996@waller.net','1996-01-27',2024,True
'EMP00785','Louis','Barry','Louis_Barry1978@manning.com','1978-11-11',2023,False
'EMP00235','Fred','Hicks','Fred_Hicks2001@ortiz.com','2001-12-31',2022,True
'EMP00724','Matthew','Mays','Matthew_Mays2005@terry.com','2005-11-06',2025,True
'EMP00356','Colleen','Ryan','Colleen_Ryan1967@beck-hayes.com','1967-07-11',2025,True
'EMP00238','Stephanie','Reed','Stephanie_Reed1977@bishop.com','1977-10-28',2009,True
'EMP00352','Denise','Santos','Denise_Santos1993@davis.com','1993-04-24',2020,True
'EMP00120','Madison','Church','Madison_Church1995@stewart.com','1995-01-31',2018,True
'EMP00326','Andrew','Weber','Andrew_Weber1995@ortega-allen.org','1995-12-28',2018,True
'EMP00247','Kristina','Simon','Kristina_Simon1997@herman.com','1997-08-30',2021,True
'EMP00695','David','Rodriguez','David_Rodriguez1990@smith.com','1990-11-21',2010,True
'EMP00654','Kevin','Zimmerman','Kevin_Zimmerman1977@hanson.com','1977-01-08',2007,True
'EMP00845','Kyle','Coffey','Kyle_Coffey1970@gordon-smith.biz','1970-03-13',2023,False
'EMP00059','Sara','Sullivan','Sara_Sullivan1992@smith.info','1992-04-11',2018,True
'EMP00004','Karen','Powell','Karen_Powell1976@clark.com','1976-08-01',2006,True
'EMP00108','Jennifer','Davis','Jennifer_Davis1979@gray.com','1979-08-14',2009,True
'EMP00965','Samuel','Knox','Samuel_Knox1967@miller.com','1967-08-01',1996,True
'EMP00071','Matthew','Wong','Matthew_Wong1968@barrera.info','1968-08-14',2025,True
'EMP00802','Caitlin','Zimmerman','Caitlin_Zimmerman1985@brown.com','1985-01-09',2016,False
'EMP00289','Anne','Smith','Anne_Smith1977@johnson.biz','1977-11-17',1997,False
'EMP00651','Joann','Gibson','Joann_Gibson1994@harris-oconnell.com','1994-01-24',2026,True
'EMP00694','Andrew','Meyers','Andrew_Meyers1993@boyd-smith.com','1993-04-08',2025,True
'EMP00351','David','Burnett','David_Burnett1969@davis-lee.net','1969-10-21',2017,True
'EMP00460','Sharon','Contreras','Sharon_Contreras1973@mays-wilkerson.net','1973-12-05',2003,False
'EMP00239','Robert','Walters','Robert_Walters1989@curtis.com','1989-11-13',2022,True
'EMP00147','Eric','Nichols','Eric_Nichols1972@lopez-tate.info','1972-07-22',2011,True
'EMP00905','Tammy','Tapia','Tammy_Tapia1975@rivera-castillo.info','1975-09-23',2014,True
'EMP00401','Donna','Pineda','Donna_Pineda1975@spears-wang.com','1975-01-21',2008,True
'EMP00392','Jennifer','Sanders','Jennifer_Sanders2001@malone-chen.com','2001-04-11',2022,True
'EMP00021','Ruth','Roberson','Ruth_Roberson2000@miller.org','2000-05-13',2026,True
'EMP00429','Melissa','Lester','Melissa_Lester1986@barnes.com','1986-03-07',2018,True
'EMP00764','Miguel','Blankenship','Miguel_Blankenship1971@freeman-petty.org','1971-12-30',2002,True
'EMP00333','Nicole','Crawford','Nicole_Crawford2003@jordan.com','2003-09-21',2025,True
'EMP00588','Taylor','Marshall','Taylor_Marshall1985@williams.com','1985-05-02',2005,True
'EMP00912','Denise','Mcintosh','Denise_Mcintosh1999@aguirre.info','1999-01-05',2021,True
'EMP00231','Erin','Davis','Erin_Davis1993@ruiz.org','1993-02-01',2014,True
'EMP00690','Robin','Riddle','Robin_Riddle1984@santiago-guzman.com','1984-07-10',2009,True
'EMP00706','Jill','Wolfe','Jill_Wolfe1998@houston.com','1998-10-23',2025,True
'EMP00476','Shannon','Hinton','Shannon_Hinton1998@mitchell-guerrero.com','1998-08-06',2025,True
'EMP00925','Richard','Robertson','Richard_Robertson1971@charles.info','1971-07-09',2023,True
'EMP00323','Jeffrey','Diaz','Jeffrey_Diaz1991@lopez.net','1991-12-08',2016,False
'EMP00829','Amber','Jefferson','Amber_Jefferson1999@randall.org','1999-05-15',2019,True
'EMP00715','Paul','Peterson','Paul_Peterson1983@vargas.com','1983-07-17',2019,True
'EMP00546','Paula','Jackson','Paula_Jackson2003@berry.biz','2003-09-10',2026,True
'EMP00455','Stephanie','Newman','Stephanie_Newman1985@white.com','1985-12-07',2023,True
'EMP00630','Victor','Jackson','Victor_Jackson1988@grimes.info','1988-04-11',2023,True
'EMP00791','Michele','Sloan','Michele_Sloan1972@espinoza.com','1972-02-25',1998,True
'EMP00674','Amber','Mckee','Amber_Mckee1968@higgins-soto.com','1968-11-28',2026,True
'EMP00603','Monica','Villegas','Monica_Villegas2001@martin.com','2001-07-18',2026,False
'EMP00746','Jennifer','Sanders','Jennifer_Sanders1986@tucker.com','1986-03-27',2006,True
'EMP00299','Nicholas','Robinson','Nicholas_Robinson1981@brown.org','1981-12-12',2025,True
'EMP00482','Matthew','Campbell','Matthew_Campbell1984@galvan.info','1984-04-05',2012,True
'EMP00557','Crystal','Thomas','Crystal_Thomas2001@christensen-woods.com','2001-01-30',2026,True
'EMP00917','Joseph','Flores','Joseph_Flores1994@anderson.com','1994-12-28',2025,True
'EMP00443','Tiffany','Bailey','Tiffany_Bailey1976@maldonado.org','1976-04-26',2002,True
'EMP00559','Melissa','Smith','Melissa_Smith1989@george.org','1989-08-23',2017,True
'EMP00515','Lisa','Mendez','Lisa_Mendez1977@carr.com','1977-02-14',2021,True
'EMP00410','Amy','Randolph','Amy_Randolph1972@barnes.com','1972-06-26',2012,True
'EMP00571','David','Lopez','David_Lopez1969@hendricks.org','1969-04-07',1995,True
'EMP00026','Ryan','Macdonald','Ryan_Macdonald1970@johnson.net','1970-04-29',1997,True
'EMP00505','Adam','Warren','Adam_Warren1982@logan-garcia.net','1982-09-19',2025,True
'EMP00560','John','Butler','John_Butler1969@serrano-woods.info','1969-06-22',2010,True
'EMP00790','Timothy','Tate','Timothy_Tate1982@fry.com','1982-07-03',2023,True
'EMP00776','Raymond','Dunn','Raymond_Dunn2006@bond.info','2006-03-23',2026,True
'EMP00691','John','Caldwell','John_Caldwell1976@morales.org','1976-09-25',2024,True
'EMP00877','Edgar','Moore','Edgar_Moore2004@santos.org','2004-09-29',2025,True
'EMP00010','Brad','Brown','Brad_Brown1971@jackson-torres.com','1971-01-30',2005,True
'EMP00362','Raymond','Harrell','Raymond_Harrell2004@mcdowell-roy.net','2004-09-23',2025,True
'EMP00320','Alexa','Archer','Alexa_Archer1978@ross.com','1978-07-13',2003,True
'EMP00456','Paula','Weber','Paula_Weber1991@johnson.com','1991-10-31',2012,True
'EMP00629','Morgan','Hall','Morgan_Hall1975@white.org','1975-10-21',2026,False
'EMP00848','Tammy','Thompson','Tammy_Thompson2004@stewart.com','2004-03-24',2025,True
'EMP00853','Michael','Hampton','Michael_Hampton1993@andrade-sheppard.com','1993-12-11',2022,True
'EMP00884','Anthony','Adams','Anthony_Adams1968@parker.com','1968-11-13',2013,True
'EMP00201','Edwin','Walters','Edwin_Walters1996@valencia.info','1996-01-04',2024,True
'EMP00143','Douglas','Harvey','Douglas_Harvey1987@perez.com','1987-11-02',2024,True
'EMP00666','Jocelyn','Woodard','Jocelyn_Woodard1978@garrett-charles.com','1978-08-18',2009,True
'EMP00269','Ashley','Olsen','Ashley_Olsen1967@gutierrez.org','1967-06-30',2004,True
'EMP00121','Benjamin','Peterson','Benjamin_Peterson1992@stanley-warren.com','1992-03-31',2013,True
'EMP00545','Anthony','Price','Anthony_Price1988@stone.com','1988-01-18',2010,True
'EMP00838','Matthew','Martin','Matthew_Martin1985@schaefer-barnes.com','1985-12-08',2014,True
'EMP00439','Erin','Nunez','Erin_Nunez1995@spencer-green.org','1995-11-21',2021,True
'EMP00433','Ashley','Thompson','Ashley_Thompson1972@haley.com','1972-09-26',1998,True
'EMP00245','Aaron','Burns','Aaron_Burns1988@taylor.com','1988-02-27',2020,False
'EMP00675','Robert','Cummings','Robert_Cummings1994@howard.com','1994-04-17',2017,True
'EMP00758','Alison','Hawkins','Alison_Hawkins1983@maynard.net','1983-09-19',2023,True
'EMP00770','Laura','Morgan','Laura_Morgan1987@lee.com','1987-07-07',2007,True
'EMP00664','Jane','Cisneros','Jane_Cisneros2004@pugh-simmons.com','2004-02-10',2025,False
'EMP00080','Kimberly','Rodriguez','Kimberly_Rodriguez1974@alvarez.com','1974-05-03',2005,True
'EMP00309','Billy','Carroll','Billy_Carroll1974@bowman.com','1974-06-02',2018,True
'EMP00387','Andrew','Norman','Andrew_Norman1984@lloyd.com','1984-02-14',2018,True
'EMP00454','Darren','Cummings','Darren_Cummings1966@diaz-taylor.com','1966-08-19',2016,True
'EMP00548','Jeffrey','Joseph','Jeffrey_Joseph1984@ross.com','1984-03-21',2004,True
'EMP00650','Kristen','Hurst','Kristen_Hurst1994@schaefer.info','1994-05-23',2024,False
'EMP00612','Justin','Simmons','Justin_Simmons2002@wade.biz','2002-03-26',2024,True
'EMP00110','Mark','Jackson','Mark_Jackson1990@mccoy-andrews.com','1990-04-27',2025,True
'EMP00265','Jose','Ramirez','Jose_Ramirez1979@fowler-dean.com','1979-09-28',2005,True
'EMP00958','Michelle','Olson','Michelle_Olson2005@huffman.com','2005-08-21',2025,True
'EMP00440','Rachel','Moore','Rachel_Moore2005@johnston-whitehead.org','2005-12-02',2025,True
'EMP00459','James','Harris','James_Harris2005@martinez-crawford.com','2005-08-21',2026,True
'EMP00025','Kenneth','Daniels','Kenneth_Daniels1993@turner.org','1993-12-15',2022,True
'EMP00926','Eddie','White','Eddie_White1976@pierce.com','1976-04-22',2007,True
'EMP00728','William','Todd','William_Todd1984@byrd.org','1984-06-06',2025,False
'EMP00961','Robert','Smith','Robert_Smith1968@ross.info','1968-04-17',2003,True
'EMP00128','Valerie','Carr','Valerie_Carr1979@anderson-fuller.info','1979-11-19',2021,True
'EMP00358','Preston','Pena','Preston_Pena1972@spencer-perkins.biz','1972-06-07',1995,True
'EMP00827','Michele','Morgan','Michele_Morgan2001@ayala-lee.com','2001-05-31',2025,True
'EMP00748','Sarah','Graham','Sarah_Graham1974@daugherty-gibson.com','1974-11-19',1996,True
'EMP00102','Doris','Cooper','Doris_Cooper1973@singh.com','1973-04-19',2004,True
'EMP00499','Joseph','Cook','Joseph_Cook1970@white.com','1970-02-24',2026,True
'EMP00033','Michael','Schwartz','Michael_Schwartz1980@flynn-dennis.org','1980-03-08',2016,True
'EMP00089','Andrew','Thomas','Andrew_Thomas1979@ramirez.org','1979-10-10',2026,True
'EMP00520','Erica','Flores','Erica_Flores1989@reyes-reid.biz','1989-11-20',2016,True
'EMP00782','Matthew','Hill','Matthew_Hill2000@ray.info','2000-07-28',2026,True
'EMP00213','Felicia','Rodgers','Felicia_Rodgers1992@smith-proctor.com','1992-11-12',2024,True
'EMP00590','Kimberly','Russell','Kimberly_Russell1989@jennings.info','1989-10-28',2023,True
'EMP00133','Shelby','Washington','Shelby_Washington2005@fernandez-jones.org','2005-03-21',2026,True
'EMP00452','Daniel','Adams','Daniel_Adams1995@williams.org','1995-08-17',2018,True
'EMP00107','Keith','Campos','Keith_Campos1988@green.com','1988-06-08',2025,True
'EMP00617','Alan','Leonard','Alan_Leonard2003@ryan.com','2003-02-20',2024,True
'EMP00658','Robert','Rodriguez','Robert_Rodriguez1992@lane-johnson.com','1992-10-29',2018,True
'EMP00081','Gregory','Cannon','Gregory_Cannon1976@jackson.com','1976-03-11',2016,True
'EMP00747','Mindy','Anderson','Mindy_Anderson1992@stewart.biz','1992-08-14',2018,True
'EMP00862','Kenneth','Lopez','Kenneth_Lopez1983@jackson.com','1983-08-01',2013,True
'EMP00413','Terri','Harper','Terri_Harper1971@parks.com','1971-03-26',2000,True
'EMP00615','Troy','Davenport','Troy_Davenport1990@dean.com','1990-08-09',2026,True
'EMP00174','Jonathan','Anthony','Jonathan_Anthony1968@whitehead.com','1968-01-11',1996,False
'EMP00360','Michelle','Roberson','Michelle_Roberson1978@white-smith.com','1978-12-28',2022,True
'EMP00556','Wanda','Solis','Wanda_Solis1992@peterson.com','1992-05-09',2012,False
'EMP00375','Sheena','Rowe','Sheena_Rowe1967@carter.com','1967-02-20',2021,True
'EMP00679','Teresa','Sanchez','Teresa_Sanchez2001@webster-parker.info','2001-02-21',2025,True
'EMP00834','Judy','Stone','Judy_Stone1980@brennan-jackson.com','1980-08-22',2019,True
'EMP00576','Jennifer','Garcia','Jennifer_Garcia2001@thompson.com','2001-12-14',2026,True
'EMP00091','Logan','Cline','Logan_Cline1979@wise-kim.org','1979-08-15',2024,True
'EMP00797','Nicholas','Stark','Nicholas_Stark1991@perez-james.com','1991-04-04',2023,False
'EMP00234','Logan','Brewer','Logan_Brewer1973@taylor-lloyd.com','1973-12-23',2026,True
'EMP00083','Michael','Hernandez','Michael_Hernandez1967@reynolds.net','1967-10-09',2019,True
'EMP00086','Larry','Ross','Larry_Ross2002@bennett-gordon.com','2002-11-05',2025,True
'EMP00960','Christian','Smith','Christian_Smith1970@mcclure.com','1970-06-18',2006,True
'EMP00922','Alexander','Hodges','Alexander_Hodges1968@mcdaniel.biz','1968-05-31',1994,True
'EMP00263','Bryan','Gilmore','Bryan_Gilmore1985@gutierrez.com','1985-06-05',2018,True
'EMP00562','Gerald','Brown','Gerald_Brown1982@murray-colon.com','1982-12-19',2017,True
'EMP00534','Justin','Shepherd','Justin_Shepherd1980@hood.com','1980-01-15',2013,True
'EMP00077','Mary','Tucker','Mary_Tucker1976@gomez.com','1976-03-18',2014,True
'EMP00880','Brian','Ramirez','Brian_Ramirez1982@maxwell.com','1982-05-04',2025,True
'EMP00419','Marc','Sanchez','Marc_Sanchez1990@williams.org','1990-09-23',2022,True
'EMP00911','Nicholas','Mccoy','Nicholas_Mccoy1989@rodriguez.org','1989-02-13',2018,True
'EMP00635','Jose','Brown','Jose_Brown1973@lopez-dean.com','1973-10-11',2021,True
'EMP00442','Tammy','Moss','Tammy_Moss1992@fernandez.net','1992-05-29',2012,True
'EMP00295','Amber','Rubio','Amber_Rubio2001@wright-brown.biz','2001-06-04',2022,True
'EMP00627','Andrew','Hopkins','Andrew_Hopkins1978@hayes.info','1978-12-24',2009,True
'EMP00749','Wendy','Charles','Wendy_Charles1991@cruz-daniels.com','1991-03-25',2011,True
'EMP00185','Ashley','Cook','Ashley_Cook1979@pearson-gonzales.org','1979-06-15',2017,True
'EMP00583','Noah','Miller','Noah_Miller1990@garcia.info','1990-08-14',2019,True
'EMP00611','Shannon','Sutton','Shannon_Sutton1990@brown.com','1990-08-21',2017,True
'EMP00591','Haley','Hodges','Haley_Hodges1978@castro-graham.info','1978-03-03',2014,True
'EMP00397','Kristen','Thomas','Kristen_Thomas1988@garcia.com','1988-09-18',2014,True
'EMP00317','Katherine','Sims','Katherine_Sims1982@wilson-morgan.com','1982-10-24',2004,True
'EMP00203','James','Gibbs','James_Gibbs1982@parker.org','1982-08-31',2025,True
'EMP00125','Jennifer','Booth','Jennifer_Booth1987@neal.com','1987-12-19',2015,True
'EMP00253','Katie','Barker','Katie_Barker1992@stewart.info','1992-07-23',2012,True
'EMP00306','Justin','Schroeder','Justin_Schroeder1977@miller.com','1977-02-15',2001,True
'EMP00561','Joseph','Hunter','Joseph_Hunter1993@franklin.info','1993-06-14',2023,True
'EMP00942','Courtney','Bell','Courtney_Bell1990@page-buckley.org','1990-08-16',2011,True
'EMP00294','Janet','Craig','Janet_Craig1971@williams.org','1971-12-01',2015,False
'EMP00737','Gregory','Jarvis','Gregory_Jarvis1997@anderson.biz','1997-03-04',2023,True
'EMP00638','Chris','Pope','Chris_Pope1989@wiggins.com','1989-03-21',2016,True
'EMP00403','Amanda','Martinez','Amanda_Martinez1987@hunter-anderson.com','1987-07-30',2012,True
'EMP00943','Hannah','Greer','Hannah_Greer1968@taylor-malone.org','1968-11-01',2001,True
'EMP00575','Robert','Pierce','Robert_Pierce1997@bell-allen.com','1997-09-19',2022,True
'EMP00536','Daniel','Hall','Daniel_Hall1967@gomez.biz','1967-03-30',2020,True
'EMP00729','Regina','Wright','Regina_Wright1971@li.com','1971-02-12',2023,True
'EMP00322','Charles','Doyle','Charles_Doyle1987@lara.com','1987-07-09',2013,True
'EMP00808','Jessica','Sweeney','Jessica_Sweeney1973@gonzalez-nunez.biz','1973-03-21',1999,True
'EMP00835','Dale','Vaughan','Dale_Vaughan1978@wagner.biz','1978-04-12',2009,True
'EMP00755','Jeremy','Cobb','Jeremy_Cobb1974@williams-lane.com','1974-12-12',1995,True
'EMP00007','Michele','Smith','Michele_Smith1971@obrien-cruz.info','1971-01-01',2005,True
'EMP00972','Mike','Clayton','Mike_Clayton1967@morales.biz','1967-09-25',2020,True
'EMP00521','Regina','Harmon','Regina_Harmon1974@perez-anderson.com','1974-12-06',2004,True
'EMP00101','Sharon','Smith','Sharon_Smith1977@smith-kirk.biz','1977-02-13',1999,True
'EMP00303','Michael','Chandler','Michael_Chandler1973@palmer.biz','1973-12-22',2024,True
'EMP00479','Christian','Wells','Christian_Wells1987@contreras-mendoza.com','1987-12-13',2023,False
'EMP00311','Tyler','Moore','Tyler_Moore1997@cross-mooney.net','1997-02-01',2026,True
'EMP00267','Christopher','Burke','Christopher_Burke1978@hansen-davidson.com','1978-12-13',1998,True
'EMP00220','Kelsey','Tucker','Kelsey_Tucker1989@malone-shaw.com','1989-07-02',2018,False
'EMP00774','Misty','Butler','Misty_Butler1990@morris.com','1990-09-30',2015,True
'EMP00924','Ronald','Jordan','Ronald_Jordan2004@jones.info','2004-12-16',2024,True
'EMP00949','Nicole','Lynch','Nicole_Lynch2003@brown.net','2003-11-20',2023,True
'EMP00566','Sean','James','Sean_James1998@young-fernandez.org','1998-06-02',2024,True
'EMP00915','Amanda','Gibson','Amanda_Gibson1991@schultz-smith.com','1991-06-28',2022,True
'EMP00278','Donna','Brown','Donna_Brown1976@heath.org','1976-02-12',2007,True
'EMP00492','Stephanie','Bond','Stephanie_Bond1981@anderson.com','1981-11-10',2015,True
'EMP00254','Melissa','Mack','Melissa_Mack1967@lynch-sanchez.com','1967-01-12',2003,False
'EMP00453','Mark','Butler','Mark_Butler1975@ingram.com','1975-07-24',2016,True
'EMP00661','Jonathan','Nichols','Jonathan_Nichols1999@logan.net','1999-04-22',2021,True
'EMP00511','Christopher','Ingram','Christopher_Ingram1989@humphrey.com','1989-12-09',2019,True
'EMP00070','Joshua','Lamb','Joshua_Lamb1980@jensen-ramirez.com','1980-04-09',2017,True
'EMP00047','Sara','Davis','Sara_Davis1970@marshall.biz','1970-01-14',2022,True
'EMP00555','Deanna','Clark','Deanna_Clark1989@contreras.net','1989-04-17',2025,True
'EMP00466','Bryan','Martin','Bryan_Martin1997@cherry.com','1997-01-16',2023,True
'EMP00830','Joseph','Barnett','Joseph_Barnett1978@fisher.com','1978-07-31',1999,True
'EMP00485','Charles','Lewis','Charles_Lewis1981@jenkins-schmidt.com','1981-10-19',2018,True
'EMP00976','Rita','Turner','Rita_Turner1996@frye.com','1996-11-27',2021,True
'EMP00992','Adam','Miranda','Adam_Miranda1991@davis-arnold.info','1991-04-05',2013,False
'EMP00103','Randall','Sullivan','Randall_Sullivan1990@williams.org','1990-07-31',2025,True
'EMP00259','Amanda','Vega','Amanda_Vega1969@fry.com','1969-06-26',2022,True
'EMP00967','Brittany','Heath','Brittany_Heath1995@dickerson-ferguson.com','1995-12-08',2019,True
'EMP00990','Karla','Fuller','Karla_Fuller1994@gibson-cooper.info','1994-11-07',2014,True
'EMP00319','Judy','Santos','Judy_Santos1968@brown-raymond.net','1968-09-29',2018,True
'EMP00344','Matthew','Larson','Matthew_Larson1969@hill-castaneda.info','1969-09-22',2008,True
'EMP00366','Patrick','Williams','Patrick_Williams1990@hoover-lang.com','1990-05-11',2014,True
'EMP00226','Tiffany','Miller','Tiffany_Miller1988@rogers.com','1988-08-05',2014,True
'EMP00291','Jacqueline','Werner','Jacqueline_Werner1991@avila.com','1991-10-25',2022,True
'EMP00150','Ricky','Lane','Ricky_Lane1980@ballard.com','1980-01-24',2021,False
'EMP00982','Jeremy','Marshall','Jeremy_Marshall1999@strickland-wood.com','1999-10-11',2023,True
'EMP00192','Gabriela','Hines','Gabriela_Hines1994@levy-brooks.com','1994-12-29',2024,True
'EMP00129','Adam','Smith','Adam_Smith1979@alvarado.com','1979-04-30',2011,True
'EMP00921','Richard','Morales','Richard_Morales1974@estrada-avila.biz','1974-10-17',2009,True
'EMP00159','Peter','Woods','Peter_Woods2006@reed-myers.net','2006-03-21',2026,True
'EMP00807','Stacy','Lopez','Stacy_Lopez1997@rowland-white.com','1997-02-16',2018,True
'EMP00230','Alyssa','Kim','Alyssa_Kim2006@burnett.com','2006-06-27',2026,True
'EMP00769','Brady','Dean','Brady_Dean2006@le-dominguez.org','2006-06-16',2026,True
'EMP00824','Elizabeth','Collier','Elizabeth_Collier1980@mills-gilbert.biz','1980-05-10',2020,True
'EMP00772','Jerry','King','Jerry_King1996@stokes-ware.info','1996-06-18',2018,True
'EMP00896','Cindy','Smith','Cindy_Smith1996@calderon-gibbs.com','1996-11-28',2017,True
'EMP00656','Stephen','Bell','Stephen_Bell1995@marquez.com','1995-10-11',2024,True
'EMP00726','Deanna','Moran','Deanna_Moran1983@turner.com','1983-08-22',2008,True
'EMP00595','Michael','Chapman','Michael_Chapman2001@bates-tran.com','2001-07-29',2024,True
'EMP00145','Bryan','Harvey','Bryan_Harvey1977@lynch.com','1977-02-28',1998,True
'EMP00100','Marcus','Castillo','Marcus_Castillo1969@robbins.com','1969-09-24',2007,True
'EMP00733','Jamie','Kline','Jamie_Kline1972@calderon.com','1972-10-14',1994,True
'EMP00931','Marisa','Carlson','Marisa_Carlson2006@avila.biz','2006-02-16',2026,True
'EMP00131','John','Rivera','John_Rivera1976@davila-shepherd.com','1976-08-08',2006,True
'EMP00885','Wendy','Valencia','Wendy_Valencia1992@edwards.com','1992-05-18',2016,True
'EMP00903','Janice','James','Janice_James1991@weber.com','1991-01-15',2013,True
'EMP00339','Thomas','Mclean','Thomas_Mclean1988@clark.com','1988-06-07',2015,True
'EMP00045','Ryan','Anderson','Ryan_Anderson1974@moore-walton.com','1974-03-01',1997,True
'EMP00402','Amy','Peterson','Amy_Peterson1979@brown.info','1979-10-25',2019,True
'EMP00034','Daniel','Jones','Daniel_Jones2003@trevino-ayers.com','2003-09-27',2023,True
'EMP00995','William','Wright','William_Wright1983@gray.info','1983-04-09',2007,True
'EMP00140','Alyssa','Barry','Alyssa_Barry1981@montgomery.com','1981-12-30',2015,True
'EMP00224','Lynn','Hernandez','Lynn_Hernandez1983@williams-romero.com','1983-11-11',2013,True
'EMP00803','Stephanie','Day','Stephanie_Day1977@fernandez.com','1977-05-25',2011,True
'EMP00707','Jonathan','Brown','Jonathan_Brown1988@wood.com','1988-06-07',2010,True
'EMP00964','Lauren','Jordan','Lauren_Jordan1984@hess.info','1984-01-13',2021,True
'EMP00810','Christopher','Rodriguez','Christopher_Rodriguez1977@wilson-foster.com','1977-03-22',1997,True
'EMP00794','David','Stewart','David_Stewart1990@snyder.biz','1990-07-28',2017,True
'EMP00400','Brad','Schneider','Brad_Schneider1986@wilson-henderson.com','1986-11-14',2016,True
'EMP00899','Jennifer','Smith','Jennifer_Smith1977@austin-burch.net','1977-12-22',2015,True
'EMP00622','Aaron','Cisneros','Aaron_Cisneros2000@sanchez-lopez.com','2000-02-21',2024,True
'EMP00198','Sandra','Giles','Sandra_Giles2005@hall.org','2005-07-07',2025,True
'EMP00634','Stephen','Barajas','Stephen_Barajas1987@daniels.biz','1987-12-09',2017,True
'EMP00512','Erika','Gonzalez','Erika_Gonzalez2003@thomas.com','2003-09-16',2026,True
'EMP00928','Brandon','Harmon','Brandon_Harmon1980@howard-mcdowell.net','1980-01-10',2001,True
'EMP00543','Emily','Smith','Emily_Smith1975@griffin.biz','1975-05-06',2024,True
'EMP00633','Carla','Melton','Carla_Melton1992@carpenter-taylor.com','1992-03-17',2020,False
'EMP00391','Antonio','Phelps','Antonio_Phelps1987@burton.com','1987-11-02',2015,True
'EMP00305','David','Mays','David_Mays1980@morrison-cook.com','1980-11-01',2002,True
'EMP00416','Alejandro','Eaton','Alejandro_Eaton1967@schwartz-boyd.com','1967-10-16',2011,True
'EMP00867','Aaron','Carter','Aaron_Carter1998@larson-edwards.com','1998-03-10',2025,True
'EMP00809','James','Hoffman','James_Hoffman1974@moore-lee.org','1974-10-26',2000,True
'EMP00298','Daniel','Maldonado','Daniel_Maldonado1967@griffin.com','1967-12-28',2000,True
'EMP01000','Martin','Larsen','Martin_Larsen1978@coffey-carter.com','1978-11-03',2010,True
'EMP00421','Melissa','Sanchez','Melissa_Sanchez1985@hill.com','1985-01-13',2006,True
'EMP00281','Lisa','Wyatt','Lisa_Wyatt1982@torres.com','1982-07-08',2005,True
'EMP00187','Alan','Mcdaniel','Alan_Mcdaniel1978@garcia.com','1978-09-20',2001,True
'EMP00285','Kimberly','Lopez','Kimberly_Lopez2001@casey.com','2001-08-12',2025,True
'EMP00015','Anthony','Schneider','Anthony_Schneider1982@hernandez.info','1982-05-28',2022,True
'EMP00698','Jessica','Bradford','Jessica_Bradford1997@lopez.com','1997-05-17',2017,False
'EMP00388','Laurie','Murphy','Laurie_Murphy1990@lopez.com','1990-01-06',2015,False
'EMP00146','David','Robinson','David_Robinson1996@diaz.com','1996-12-10',2017,True
'EMP00822','Frederick','Fields','Frederick_Fields1968@reid-clark.com','1968-08-27',1994,False
'EMP00249','Sean','Cain','Sean_Cain1998@bailey.com','1998-12-24',2023,True
'EMP00057','Jennifer','Valdez','Jennifer_Valdez1972@edwards-herrera.com','1972-08-01',1998,True
'EMP00308','Jill','Anderson','Jill_Anderson1971@white.com','1971-02-14',1994,True
'EMP00161','Karl','Washington','Karl_Washington2000@meyer-cuevas.com','2000-11-09',2025,True
'EMP00315','Jessica','Thomas','Jessica_Thomas1968@james.info','1968-03-17',2025,True
'EMP00945','Chase','Freeman','Chase_Freeman1988@james.info','1988-08-20',2019,True
'EMP00657','William','Jacobs','William_Jacobs1981@kelly.info','1981-05-30',2014,True
'EMP00368','Daniel','Cook','Daniel_Cook1981@garrison.com','1981-03-24',2024,True
'EMP00186','Lisa','Harris','Lisa_Harris1988@wilson-taylor.com','1988-02-24',2025,True
'EMP00165','Dawn','Doyle','Dawn_Doyle1966@berg.info','1966-08-28',2025,True
'EMP00038','Kevin','Pierce','Kevin_Pierce1973@rivera-anderson.com','1973-11-20',2007,True
'EMP00836','Jennifer','Bean','Jennifer_Bean1967@chavez.org','1967-08-25',1994,True
'EMP00947','Tina','Matthews','Tina_Matthews1969@haley-johnson.com','1969-09-05',2014,True
'EMP00771','Thomas','Miles','Thomas_Miles1986@nolan.info','1986-05-04',2009,True
'EMP00844','Meghan','Blankenship','Meghan_Blankenship1999@vasquez.com','1999-11-09',2023,True
'EMP00184','Erica','Perez','Erica_Perez1969@bartlett.biz','1969-12-04',1989,True
'EMP00632','Steven','Hooper','Steven_Hooper1969@anderson.com','1969-11-14',2019,True
'EMP00160','Denise','Thomas','Denise_Thomas1995@watts-moore.net','1995-06-28',2025,True
'EMP00792','Michael','White','Michael_White1980@torres-jimenez.com','1980-08-28',2021,True
'EMP00692','Jennifer','Dixon','Jennifer_Dixon2002@cannon.com','2002-08-15',2022,True
